Year,Datetime,Stage,Stadium,Home Team Name,Home Team Goals,Away Team Goals,Away Team Name,Win conditions,Half-time Home Goals,Half-time Away Goals,MatchID,Home Team Initials,Away Team Initials
1930,13 Jul 1930 - 15:00,Group 1,Pocitos,France,4,1,Mexico, ,3,0,1096,FRA,MEX
1930,13 Jul 1930 - 15:00,Group 4,Parque Central,USA,3,0,Belgium, ,2,0,1090,USA,BEL
1930,14 Jul 1930 - 12:45,Group 2,Parque Central,Yugoslavia,2,1,Brazil, ,2,0,1093,YUG,BRA
1930,14 Jul 1930 - 14:50,Group 3,Pocitos,Romania,3,1,Peru, ,1,0,1098,ROU,PER
1930,15 Jul 1930 - 16:00,Group 1,Parque Central,Argentina,1,0,France, ,0,0,1085,ARG,FRA
1930,16 Jul 1930 - 14:45,Group 1,Parque Central,Chile,3,0,Mexico, ,1,0,1095,CHI,MEX
1930,17 Jul 1930 - 12:45,Group 2,Parque Central,Yugoslavia,4,0,Bolivia, ,0,0,1092,YUG,BOL
1930,17 Jul 1930 - 14:45,Group 4,Parque Central,USA,3,0,Paraguay, ,2,0,1097,USA,PAR
1930,18 Jul 1930 - 14:30,Group 3,Estadio Centenario,Uruguay,1,0,Peru, ,0,0,1099,URU,PER
1930,19 Jul 1930 - 12:50,Group 1,Estadio Centenario,Chile,1,0,France, ,0,0,1094,CHI,FRA
1930,19 Jul 1930 - 15:00,Group 1,Estadio Centenario,Argentina,6,3,Mexico, ,3,1,1086,ARG,MEX
1930,20 Jul 1930 - 13:00,Group 2,Estadio Centenario,Brazil,4,0,Bolivia, ,1,0,1091,BRA,BOL
1930,20 Jul 1930 - 15:00,Group 4,Estadio Centenario,Paraguay,1,0,Belgium, ,1,0,1089,PAR,BEL
1930,21 Jul 1930 - 14:50,Group 3,Estadio Centenario,Uruguay,4,0,Romania, ,4,0,1100,URU,ROU
1930,22 Jul 1930 - 14:45,Group 1,Estadio Centenario,Argentina,3,1,Chile, ,2,1,1084,ARG,CHI
1930,26 Jul 1930 - 14:45,Semi-finals,Estadio Centenario,Argentina,6,1,USA, ,1,0,1088,ARG,USA
1930,27 Jul 1930 - 14:45,Semi-finals,Estadio Centenario,Uruguay,6,1,Yugoslavia, ,3,1,1101,URU,YUG
1930,30 Jul 1930 - 14:15,Final,Estadio Centenario,Uruguay,4,2,Argentina, ,1,2,1087,URU,ARG
1934,27 May 1934 - 16:30,Preliminary round,Stadio Benito Mussolini,Austria,3,2,France,Austria win after extra time ,0,0,1104,AUT,FRA
1934,27 May 1934 - 16:30,Preliminary round,Giorgio Ascarelli,Hungary,4,2,Egypt, ,2,2,1119,HUN,EGY
1934,27 May 1934 - 16:30,Preliminary round,San Siro,Switzerland,3,2,Netherlands, ,2,1,1133,SUI,NED
1934,27 May 1934 - 16:30,Preliminary round,Littorale,Sweden,3,2,Argentina, ,1,1,1102,SWE,ARG
1934,27 May 1934 - 16:30,Preliminary round,Giovanni Berta,Germany,5,2,Belgium, ,1,2,1108,GER,BEL
1934,27 May 1934 - 16:30,Preliminary round,Luigi Ferraris,Spain,3,1,Brazil, ,3,0,1111,ESP,BRA
1934,27 May 1934 - 16:30,Preliminary round,Nazionale PNF,Italy,7,1,USA, ,3,0,1135,ITA,USA
1934,27 May 1934 - 16:30,Preliminary round,Littorio,Czechoslovakia,2,1,Romania, ,0,1,1141,TCH,ROU
1934,31 May 1934 - 16:30,Quarter-finals,Stadio Benito Mussolini,Czechoslovakia,3,2,Switzerland, ,1,1,1143,TCH,SUI
1934,31 May 1934 - 16:30,Quarter-finals,San Siro,Germany,2,1,Sweden, ,0,0,1129,GER,SWE
1934,31 May 1934 - 16:30,Quarter-finals,Giovanni Berta,Italy,1,1,Spain, ,0,0,1122,ITA,ESP
1934,31 May 1934 - 16:30,Quarter-finals,Littorale,Austria,2,1,Hungary, ,1,0,1106,AUT,HUN
1934,01 Jun 1934 - 16:30,Quarter-finals,Giovanni Berta,Italy,1,0,Spain, ,1,0,1123,ITA,ESP
1934,03 Jun 1934 - 16:30,Semi-finals,San Siro,Italy,1,0,Austria, ,1,0,1107,ITA,AUT
1934,03 Jun 1934 - 16:30,Semi-finals,Nazionale PNF,Czechoslovakia,3,1,Germany, ,1,0,1130,TCH,GER
1934,07 Jun 1934 - 18:00,Match for third place,Giorgio Ascarelli,Germany,3,2,Austria, ,3,1,1105,GER,AUT
1934,10 Jun 1934 - 17:30,Final,Nazionale PNF,Italy,2,1,Czechoslovakia,Italy win after extra time ,0,0,1134,ITA,TCH
1938,04 Jun 1938 - 17:00,First round,Parc des Princes,Switzerland,1,1,Germany, ,0,0,1165,SUI,GER
1938,05 Jun 1938 - 17:00,First round,Velodrome Municipale,Hungary,6,0,Dutch East Indies, ,4,0,1173,HUN,INH
1938,05 Jun 1938 - 17:00,First round,Stade Olympique,France,3,1,Belgium, ,2,1,1146,FRA,BEL
1938,05 Jun 1938 - 17:00,First round,Stade Municipal,Cuba,3,3,Romania, ,0,0,1156,CUB,ROU
1938,05 Jun 1938 - 17:00,First round,Stade V�lodrome,Italy,2,1,Norway,Italy win after extra time ,0,0,1179,ITA,NOR
1938,05 Jun 1938 - 17:30,First round,Stade de la Meinau,Brazil,6,5,Poland,Brazil win after extra time ,0,0,1150,BRA,POL
1938,05 Jun 1938 - 18:30,First round,Cavee Verte,Czechoslovakia,3,0,Netherlands,Czechoslovakia win after extra time ,0,0,1172,TCH,NED
1938,09 Jun 1938 - 18:00,First round,Stade Municipal,Cuba,2,1,Romania, ,0,1,1157,CUB,ROU
1938,09 Jun 1938 - 18:00,First round,Parc des Princes,Switzerland,4,2,Germany, ,1,2,1166,SUI,GER
1938,12 Jun 1938 - 17:00,Quarter-finals,Stade du Parc Lescure,Brazil,1,1,Czechoslovakia, ,0,0,1152,BRA,TCH
1938,12 Jun 1938 - 17:00,Quarter-finals,Victor Boucquey,Hungary,2,0,Switzerland, ,1,0,1175,HUN,SUI
1938,12 Jun 1938 - 17:00,Quarter-finals,Fort Carree,Sweden,8,0,Cuba, ,4,0,1158,SWE,CUB
1938,12 Jun 1938 - 17:00,Quarter-finals,Stade Olympique,Italy,3,1,France, ,1,1,1164,ITA,FRA
1938,14 Jun 1938 - 18:00,Quarter-finals,Stade du Parc Lescure,Brazil,2,1,Czechoslovakia, ,0,1,1153,BRA,TCH
1938,16 Jun 1938 - 18:00,Semi-finals,Parc des Princes,Hungary,5,1,Sweden, ,3,1,1176,HUN,SWE
1938,16 Jun 1938 - 18:00,Semi-finals,Stade V�lodrome,Italy,2,1,Brazil, ,0,0,1149,ITA,BRA
1938,19 Jun 1938 - 17:00,Match for third place,Stade du Parc Lescure,Brazil,4,2,Sweden, ,1,2,1151,BRA,SWE
1938,19 Jun 1938 - 17:00,Final,Stade Olympique,Italy,4,2,Hungary, ,3,1,1174,ITA,HUN
1950,24 Jun 1950 - 15:00,Group 1,Maracan� - Est�dio Jornalista M�rio Filho,Brazil,4,0,Mexico, ,1,0,1187,BRA,MEX
1950,25 Jun 1950 - 15:00,Group 2,Maracan� - Est�dio Jornalista M�rio Filho,England,2,0,Chile, ,1,0,1192,ENG,CHI
1950,25 Jun 1950 - 15:00,Group 2,Durival de Brito,Spain,3,1,USA, ,0,1,1208,ESP,USA
1950,25 Jun 1950 - 15:00,Group 3,Pacaembu,Sweden,3,2,Italy, ,2,1,1219,SWE,ITA
1950,25 Jun 1950 - 15:00,Group 1,Independencia,Yugoslavia,3,0,Switzerland, ,0,0,1230,YUG,SUI
1950,28 Jun 1950 - 15:00,Group 1,Pacaembu,Brazil,2,2,Switzerland, ,2,1,1188,BRA,SUI
1950,28 Jun 1950 - 15:00,Group 1,Eucaliptos,Yugoslavia,4,1,Mexico, ,2,0,1225,YUG,MEX
1950,29 Jun 1950 - 15:00,Group 2,Maracan� - Est�dio Jornalista M�rio Filho,Spain,2,0,Chile, ,2,0,1193,ESP,CHI
1950,29 Jun 1950 - 15:30,Group 3,Durival de Brito,Sweden,2,2,Paraguay, ,2,1,1228,SWE,PAR
1950,29 Jun 1950 - 15:00,Group 2,Independencia,USA,1,0,England, ,1,0,1202,USA,ENG
1950,01 Jul 1950 - 15:00,Group 1,Maracan� - Est�dio Jornalista M�rio Filho,Brazil,2,0,Yugoslavia, ,1,0,1191,BRA,YUG
1950,02 Jul 1950 - 15:00,Group 2,Maracan� - Est�dio Jornalista M�rio Filho,Spain,1,0,England, ,0,0,1199,ESP,ENG
1950,02 Jul 1950 - 15:00,Group 3,Pacaembu,Italy,2,0,Paraguay, ,1,0,1218,ITA,PAR
1950,02 Jul 1950 - 15:00,Group 4,Independencia,Uruguay,8,0,Bolivia, ,4,0,1185,URU,BOL
1950,02 Jul 1950 - 15:40,Group 1,Eucaliptos,Switzerland,2,1,Mexico, ,2,0,1222,SUI,MEX
1950,02 Jul 1950 - 15:00,Group 2,Ilha do Retiro,Chile,5,2,USA, ,2,0,1194,CHI,USA
1950,09 Jul 1950 - 15:00,Group 6,Pacaembu,Uruguay,2,2,Spain, ,1,2,1207,URU,ESP
1950,09 Jul 1950 - 15:00,Group 6,Maracan� - Est�dio Jornalista M�rio Filho,Brazil,7,1,Sweden, ,3,0,1189,BRA,SWE
1950,13 Jul 1950 - 15:00,Group 6,Maracan� - Est�dio Jornalista M�rio Filho,Brazil,6,1,Spain, ,3,0,1186,BRA,ESP
1950,13 Jul 1950 - 15:00,Group 6,Pacaembu,Uruguay,3,2,Sweden, ,1,2,1231,URU,SWE
1950,16 Jul 1950 - 15:00,Group 6,Pacaembu,Sweden,3,1,Spain, ,2,0,1206,SWE,ESP
1950,16 Jul 1950 - 15:00,Group 6,Maracan� - Est�dio Jornalista M�rio Filho,Uruguay,2,1,Brazil, ,0,0,1190,URU,BRA
1954,16 Jun 1954 - 18:00,Group 3,Wankdorf Stadium,Uruguay,2,0,Czechoslovakia, ,0,0,1315,URU,TCH
1954,16 Jun 1954 - 18:00,Group 3,Hardturm,Austria,1,0,Scotland, ,1,0,1236,AUT,SCO
1954,16 Jun 1954 - 18:00,Group 1,Charmilles,Brazil,5,0,Mexico, ,4,0,1249,BRA,MEX
1954,16 Jun 1954 - 18:00,Group 1,La Pontaise,Yugoslavia,1,0,France, ,1,0,1276,YUG,FRA
1954,17 Jun 1954 - 18:00,Group 2,Wankdorf Stadium,Germany FR,4,1,Turkey, ,1,1,1283,FRG,TUR
1954,17 Jun 1954 - 18:00,Group 2,Hardturm,Hungary,9,0,Korea Republic, ,4,0,1294,HUN,KOR
1954,17 Jun 1954 - 18:10,Group 4,St. Jakob,England,4,4,Belgium, ,0,0,1240,ENG,BEL
1954,17 Jun 1954 - 17:50,Group 4,La Pontaise,Switzerland,2,1,Italy, ,1,1,1300,SUI,ITA
1954,19 Jun 1954 - 16:50,Group 3,St. Jakob,Uruguay,7,0,Scotland, ,2,0,1313,URU,SCO
1954,19 Jun 1954 - 17:00,Group 3,Hardturm,Austria,5,0,Czechoslovakia, ,4,0,1238,AUT,TCH
1954,19 Jun 1954 - 17:10,Group 1,Charmilles,France,3,2,Mexico, ,1,0,1275,FRA,MEX
1954,19 Jun 1954 - 17:00,Group 1,La Pontaise,Brazil,1,1,Yugoslavia, ,0,0,1252,BRA,YUG
1954,20 Jun 1954 - 16:50,Group 2,St. Jakob,Hungary,8,3,Germany FR, ,3,1,1277,HUN,FRG
1954,20 Jun 1954 - 17:00,Group 2,Charmilles,Turkey,7,0,Korea Republic, ,4,0,1304,TUR,KOR
1954,20 Jun 1954 - 17:10,Group 4,Wankdorf Stadium,England,2,0,Switzerland, ,1,0,1263,ENG,SUI
1954,20 Jun 1954 - 17:00,Group 4,Comunale di Cornaredo,Italy,4,1,Belgium, ,1,0,1243,ITA,BEL
1954,23 Jun 1954 - 18:00,Group 2,Hardturm,Germany FR,7,2,Turkey, ,3,1,1284,FRG,TUR
1954,23 Jun 1954 - 18:00,Group 4,St. Jakob,Switzerland,4,1,Italy, ,1,0,1301,SUI,ITA
1954,26 Jun 1954 - 17:00,Quarter-finals,St. Jakob,Uruguay,4,2,England, ,2,1,1264,URU,ENG
1954,26 Jun 1954 - 17:00,Quarter-finals,La Pontaise,Austria,7,5,Switzerland, ,5,4,1237,AUT,SUI
1954,27 Jun 1954 - 17:00,Quarter-finals,Charmilles,Germany FR,2,0,Yugoslavia, ,1,0,1285,FRG,YUG
1954,27 Jun 1954 - 17:00,Quarter-finals,Wankdorf Stadium,Hungary,4,2,Brazil, ,2,1,1248,HUN,BRA
1954,30 Jun 1954 - 18:00,Semi-finals,St. Jakob,Germany FR,6,1,Austria, ,1,0,1233,FRG,AUT
1954,30 Jun 1954 - 18:00,Semi-finals,La Pontaise,Hungary,4,2,Uruguay,Hungary win after extra time ,0,0,1295,HUN,URU
1954,03 Jul 1954 - 17:00,Match for third place,Hardturm,Austria,3,1,Uruguay, ,1,1,1239,AUT,URU
1954,04 Jul 1954 - 17:00,Final,Wankdorf Stadium,Germany FR,3,2,Hungary, ,2,2,1278,FRG,HUN
1958,08 Jun 1958 - 14:00,Group 3,Rasunda Stadium,Sweden,3,0,Mexico, ,1,0,1415,SWE,MEX
1958,08 Jun 1958 - 19:00,Group 4,Nya Ullevi,Soviet Union,2,2,England, ,1,0,1372,URS,ENG
1958,08 Jun 1958 - 19:00,Group 1,Malmo Stadion,Argentina,1,3,Germany FR, ,1,2,1323,ARG,FRG
1958,08 Jun 1958 - 19:00,Group 3,Jarnvallen,Hungary,1,1,Wales, ,1,1,1407,HUN,WAL
1958,08 Jun 1958 - 19:00,Group 2,Idrottsparken,France,7,3,Paraguay, ,2,2,1386,FRA,PAR
1958,08 Jun 1958 - 19:00,Group 2,Arosvallen,Yugoslavia,1,1,Scotland, ,1,0,1434,YUG,SCO
1958,08 Jun 1958 - 19:00,Group 4,Rimnersvallen,Brazil,3,0,Austria, ,1,0,1326,BRA,AUT
1958,08 Jun 1958 - 19:00,Group 1,Orjans Vall,Northern Ireland,1,0,Czechoslovakia, ,1,0,1421,NIR,TCH
1958,11 Jun 1958 - 19:00,Group 4,Nya Ullevi,Brazil,0,0,England, ,0,0,1339,BRA,ENG
1958,11 Jun 1958 - 19:00,Group 3,Rasunda Stadium,Mexico,1,1,Wales, ,0,1,1418,MEX,WAL
1958,11 Jun 1958 - 19:00,Group 2,Idrottsparken,Paraguay,3,2,Scotland, ,2,1,1423,PAR,SCO
1958,11 Jun 1958 - 19:00,Group 2,Arosvallen,Yugoslavia,3,2,France, ,1,1,1388,YUG,FRA
1958,11 Jun 1958 - 19:00,Group 4,Ryavallen,Soviet Union,2,0,Austria, ,1,0,1332,URS,AUT
1958,11 Jun 1958 - 19:00,Group 1,Olympia Stadium,Germany FR,2,2,Czechoslovakia, ,0,2,1391,FRG,TCH
1958,11 Jun 1958 - 19:00,Group 1,Orjans Vall,Argentina,3,1,Northern Ireland, ,1,1,1324,ARG,NIR
1958,12 Jun 1958 - 19:00,Group 3,Rasunda Stadium,Sweden,2,1,Hungary, ,1,0,1406,SWE,HUN
1958,15 Jun 1958 - 14:00,Group 3,Rasunda Stadium,Sweden,0,0,Wales, ,0,0,1438,SWE,WAL
1958,15 Jun 1958 - 19:00,Group 4,Nya Ullevi,Brazil,2,0,Soviet Union, ,1,0,1344,BRA,URS
1958,15 Jun 1958 - 19:00,Group 1,Malmo Stadion,Germany FR,2,2,Northern Ireland, ,1,1,1389,FRG,NIR
1958,15 Jun 1958 - 19:00,Group 3,Jarnvallen,Hungary,4,0,Mexico, ,1,0,1403,HUN,MEX
1958,15 Jun 1958 - 19:00,Group 2,Tunavallen,Paraguay,3,3,Yugoslavia, ,1,2,1426,PAR,YUG
1958,15 Jun 1958 - 19:00,Group 2,Eyravallen,France,2,1,Scotland, ,2,0,1387,FRA,SCO
1958,15 Jun 1958 - 19:00,Group 4,Ryavallen,England,2,2,Austria, ,0,1,1327,ENG,AUT
1958,15 Jun 1958 - 19:00,Group 1,Olympia Stadium,Czechoslovakia,6,1,Argentina, ,3,0,1325,TCH,ARG
1958,17 Jun 1958 - 19:00,Group 4,Nya Ullevi,Soviet Union,1,0,England, ,0,0,1373,URS,ENG
1958,17 Jun 1958 - 19:00,Group 1,Malmo Stadion,Northern Ireland,2,1,Czechoslovakia,Northern Ireland win after extra time ,0,0,1422,NIR,TCH
1958,17 Jun 1958 - 19:00,Group 3,Rasunda Stadium,Wales,2,1,Hungary, ,0,1,1408,WAL,HUN
1958,19 Jun 1958 - 19:00,Quarter-finals,Nya Ullevi,Brazil,1,0,Wales, ,0,0,1345,BRA,WAL
1958,19 Jun 1958 - 19:00,Quarter-finals,Malmo Stadion,Germany FR,1,0,Yugoslavia, ,1,0,1392,FRG,YUG
1958,19 Jun 1958 - 19:00,Quarter-finals,Rasunda Stadium,Sweden,2,0,Soviet Union, ,0,0,1437,SWE,URS
1958,19 Jun 1958 - 19:00,Quarter-finals,Idrottsparken,France,4,0,Northern Ireland, ,1,0,1385,FRA,NIR
1958,24 Jun 1958 - 19:00,Semi-finals,Nya Ullevi,Sweden,3,1,Germany FR, ,1,1,1390,SWE,FRG
1958,24 Jun 1958 - 19:00,Semi-finals,Rasunda Stadium,Brazil,5,2,France, ,2,1,1340,BRA,FRA
1958,28 Jun 1958 - 17:00,Match for third place,Nya Ullevi,France,6,3,Germany FR, ,3,1,1382,FRA,FRG
1958,29 Jun 1958 - 15:00,Final,Rasunda Stadium,Brazil,5,2,Sweden, ,2,1,1343,BRA,SWE
1962,30 May 1962 - 15:00,Group 1,Carlos Dittborn,Uruguay,2,1,Colombia, ,0,1,1479,URU,COL
1962,30 May 1962 - 15:00,Group 3,Estadio Sausalito,Brazil,2,0,Mexico, ,0,0,1461,BRA,MEX
1962,30 May 1962 - 15:00,Group 4,Estadio El Teniente-Codelco,Argentina,1,0,Bulgaria, ,1,0,1447,ARG,BUL
1962,30 May 1962 - 15:00,Group 2,Nacional,Chile,3,1,Switzerland, ,1,1,1473,CHI,SUI
1962,31 May 1962 - 15:00,Group 1,Carlos Dittborn,Soviet Union,2,0,Yugoslavia, ,0,0,1563,URS,YUG
1962,31 May 1962 - 15:00,Group 3,Estadio Sausalito,Czechoslovakia,1,0,Spain, ,0,0,1498,TCH,ESP
1962,31 May 1962 - 15:00,Group 4,Estadio El Teniente-Codelco,Hungary,2,1,England, ,1,0,1490,HUN,ENG
1962,31 May 1962 - 15:00,Group 2,Nacional,Germany FR,0,0,Italy, ,0,0,1507,FRG,ITA
1962,02 Jun 1962 - 15:00,Group 1,Carlos Dittborn,Yugoslavia,3,1,Uruguay, ,2,1,1564,YUG,URU
1962,02 Jun 1962 - 15:00,Group 3,Estadio Sausalito,Brazil,0,0,Czechoslovakia, ,0,0,1462,BRA,TCH
1962,02 Jun 1962 - 15:00,Group 4,Estadio El Teniente-Codelco,England,3,1,Argentina, ,2,0,1450,ENG,ARG
1962,02 Jun 1962 - 15:00,Group 2,Nacional,Chile,2,0,Italy, ,0,0,1472,CHI,ITA
1962,03 Jun 1962 - 15:00,Group 1,Carlos Dittborn,Soviet Union,4,4,Colombia, ,3,1,1478,URS,COL
1962,03 Jun 1962 - 15:00,Group 3,Estadio Sausalito,Spain,1,0,Mexico, ,0,0,1497,ESP,MEX
1962,03 Jun 1962 - 15:00,Group 4,Estadio El Teniente-Codelco,Hungary,6,1,Bulgaria, ,4,0,1470,HUN,BUL
1962,03 Jun 1962 - 15:00,Group 2,Nacional,Germany FR,2,1,Switzerland, ,1,0,1510,FRG,SUI
1962,06 Jun 1962 - 15:00,Group 1,Carlos Dittborn,Soviet Union,2,1,Uruguay, ,1,0,1562,URS,URU
1962,06 Jun 1962 - 15:00,Group 3,Estadio Sausalito,Brazil,2,1,Spain, ,0,1,1460,BRA,ESP
1962,06 Jun 1962 - 15:00,Group 4,Estadio El Teniente-Codelco,Hungary,0,0,Argentina, ,0,0,1451,HUN,ARG
1962,06 Jun 1962 - 15:00,Group 2,Nacional,Germany FR,2,0,Chile, ,1,0,1471,FRG,CHI
1962,07 Jun 1962 - 15:00,Group 1,Carlos Dittborn,Yugoslavia,5,0,Colombia, ,2,0,1480,YUG,COL
1962,07 Jun 1962 - 15:00,Group 3,Estadio Sausalito,Mexico,3,1,Czechoslovakia, ,2,1,1544,MEX,TCH
1962,07 Jun 1962 - 15:00,Group 4,Estadio El Teniente-Codelco,England,0,0,Bulgaria, ,0,0,1464,ENG,BUL
1962,07 Jun 1962 - 15:00,Group 2,Nacional,Italy,3,0,Switzerland, ,1,0,1532,ITA,SUI
1962,10 Jun 1962 - 14:30,Quarter-finals,Carlos Dittborn,Chile,2,1,Soviet Union, ,2,1,1474,CHI,URS
1962,10 Jun 1962 - 14:30,Quarter-finals,Estadio Sausalito,Brazil,3,1,England, ,1,1,1459,BRA,ENG
1962,10 Jun 1962 - 14:30,Quarter-finals,Estadio El Teniente-Codelco,Czechoslovakia,1,0,Hungary, ,1,0,1525,TCH,HUN
1962,10 Jun 1962 - 14:30,Quarter-finals,Nacional,Yugoslavia,1,0,Germany FR, ,0,0,1511,YUG,FRG
1962,13 Jun 1962 - 14:30,Semi-finals,Estadio Sausalito,Czechoslovakia,3,1,Yugoslavia, ,0,0,1559,TCH,YUG
1962,13 Jun 1962 - 14:30,Semi-finals,Nacional,Brazil,4,2,Chile, ,2,1,1458,BRA,CHI
1962,16 Jun 1962 - 14:30,Match for third place,Nacional,Chile,1,0,Yugoslavia, ,0,0,1475,CHI,YUG
1962,17 Jun 1962 - 14:30,Final,Nacional,Brazil,3,1,Czechoslovakia, ,1,1,1463,BRA,TCH
1966,11 Jul 1966 - 19:30,Group 1,Wembley Stadium,England,0,0,Uruguay, ,0,0,1636,ENG,URU
1966,12 Jul 1966 - 19:30,Group 2,Hillsborough,Germany FR,5,0,Switzerland, ,3,0,1656,FRG,SUI
1966,12 Jul 1966 - 19:30,Group 3,Goodison Park,Brazil,2,0,Bulgaria, ,1,0,1596,BRA,BUL
1966,12 Jul 1966 - 19:30,Group 4,Ayresome Park,Soviet Union,3,0,Korea DPR, ,2,0,1710,URS,PRK
1966,13 Jul 1966 - 19:30,Group 1,Wembley Stadium,France,1,1,Mexico, ,0,0,1650,FRA,MEX
1966,13 Jul 1966 - 19:30,Group 3,Old Trafford Stadium,Portugal,3,1,Hungary, ,1,0,1675,POR,HUN
1966,13 Jul 1966 - 19:30,Group 2,Villa Park,Argentina,2,1,Spain, ,0,0,1578,ARG,ESP
1966,13 Jul 1966 - 19:30,Group 4,Roker Park Ground,Italy,2,0,Chile, ,1,0,1608,ITA,CHI
1966,15 Jul 1966 - 19:30,Group 1,White City,Uruguay,2,1,France, ,2,1,1653,URU,FRA
1966,15 Jul 1966 - 19:30,Group 2,Hillsborough,Spain,2,1,Switzerland, ,0,1,1641,ESP,SUI
1966,15 Jul 1966 - 19:30,Group 3,Goodison Park,Hungary,3,1,Brazil, ,1,1,1597,HUN,BRA
1966,15 Jul 1966 - 19:30,Group 4,Ayresome Park,Korea DPR,1,1,Chile, ,0,1,1609,PRK,CHI
1966,16 Jul 1966 - 15:00,Group 3,Old Trafford Stadium,Portugal,3,0,Bulgaria, ,2,0,1602,POR,BUL
1966,16 Jul 1966 - 15:00,Group 2,Villa Park,Germany FR,0,0,Argentina, ,0,0,1579,FRG,ARG
1966,16 Jul 1966 - 15:00,Group 4,Roker Park Ground,Soviet Union,1,0,Italy, ,0,0,1682,URS,ITA
1966,16 Jul 1966 - 19:30,Group 1,Wembley Stadium,England,2,0,Mexico, ,1,0,1634,ENG,MEX
1966,19 Jul 1966 - 16:30,Group 1,Wembley Stadium,Uruguay,0,0,Mexico, ,0,0,1689,URU,MEX
1966,19 Jul 1966 - 19:30,Group 2,Hillsborough,Argentina,2,0,Switzerland, ,0,0,1582,ARG,SUI
1966,19 Jul 1966 - 19:30,Group 3,Goodison Park,Portugal,3,1,Brazil, ,2,0,1598,POR,BRA
1966,19 Jul 1966 - 19:30,Group 4,Ayresome Park,Korea DPR,1,0,Italy, ,1,0,1679,PRK,ITA
1966,20 Jul 1966 - 19:30,Group 1,Wembley Stadium,England,2,0,France, ,1,0,1632,ENG,FRA
1966,20 Jul 1966 - 19:30,Group 3,Old Trafford Stadium,Hungary,3,1,Bulgaria, ,2,1,1599,HUN,BUL
1966,20 Jul 1966 - 19:30,Group 2,Villa Park,Germany FR,2,1,Spain, ,1,1,1637,FRG,ESP
1966,20 Jul 1966 - 19:30,Group 4,Roker Park Ground,Soviet Union,2,1,Chile, ,1,1,1610,URS,CHI
1966,23 Jul 1966 - 15:00,Quarter-finals,Wembley Stadium,England,1,0,Argentina, ,0,0,1577,ENG,ARG
1966,23 Jul 1966 - 15:00,Quarter-finals,Hillsborough,Germany FR,4,0,Uruguay, ,1,0,1660,FRG,URU
1966,23 Jul 1966 - 15:00,Quarter-finals,Roker Park Ground,Soviet Union,2,1,Hungary, ,1,0,1676,URS,HUN
1966,23 Jul 1966 - 15:00,Quarter-finals,Goodison Park,Portugal,5,3,Korea DPR, ,2,3,1702,POR,PRK
1966,25 Jul 1966 - 19:30,Semi-finals,Goodison Park,Germany FR,2,1,Soviet Union, ,1,0,1659,FRG,URS
1966,26 Jul 1966 - 19:30,Semi-finals,Wembley Stadium,England,2,1,Portugal, ,1,0,1635,ENG,POR
1966,28 Jul 1966 - 19:30,Match for third place,Wembley Stadium,Portugal,2,1,Soviet Union, ,1,1,1709,POR,URS
1966,30 Jul 1966 - 15:00,Final,Wembley Stadium,England,4,2,Germany FR,England win after extra time ,0,0,1633,ENG,FRG
1970,31 May 1970 - 12:00,Group 1,Estadio Azteca,Mexico,0,0,Soviet Union, ,0,0,1902,MEX,URS
1970,02 Jun 1970 - 16:00,Group 2,Cuauhtemoc,Uruguay,2,0,Israel, ,1,0,1881,URU,ISR
1970,02 Jun 1970 - 16:00,Group 4,Nou Camp - Estadio Le�n,Peru,3,2,Bulgaria, ,0,1,1780,PER,BUL
1970,02 Jun 1970 - 16:00,Group 3,Jalisco,England,1,0,Romania, ,0,0,1812,ENG,ROU
1970,03 Jun 1970 - 16:00,Group 2,Luis Dosal,Italy,1,0,Sweden, ,1,0,1883,ITA,SWE
1970,03 Jun 1970 - 16:00,Group 4,Nou Camp - Estadio Le�n,Germany FR,2,1,Morocco, ,0,1,1839,FRG,MAR
1970,03 Jun 1970 - 16:00,Group 3,Jalisco,Brazil,4,1,Czechoslovakia, ,1,1,1770,BRA,TCH
1970,03 Jun 1970 - 16:00,Group 1,Estadio Azteca,Belgium,3,0,El Salvador, ,1,0,1747,BEL,SLV
1970,06 Jun 1970 - 16:00,Group 2,Cuauhtemoc,Uruguay,0,0,Italy, ,0,0,1884,URU,ITA
1970,06 Jun 1970 - 16:00,Group 4,Nou Camp - Estadio Le�n,Peru,3,0,Morocco, ,0,0,1893,PER,MAR
1970,06 Jun 1970 - 16:00,Group 3,Jalisco,Romania,2,1,Czechoslovakia, ,0,1,1919,ROU,TCH
1970,06 Jun 1970 - 16:00,Group 1,Estadio Azteca,Soviet Union,4,1,Belgium, ,1,0,1753,URS,BEL
1970,07 Jun 1970 - 12:00,Group 2,Luis Dosal,Sweden,1,1,Israel, ,0,0,1880,SWE,ISR
1970,07 Jun 1970 - 12:00,Group 4,Nou Camp - Estadio Le�n,Germany FR,5,2,Bulgaria, ,2,1,1774,FRG,BUL
1970,07 Jun 1970 - 12:00,Group 3,Jalisco,Brazil,1,0,England, ,0,0,1764,BRA,ENG
1970,07 Jun 1970 - 12:00,Group 1,Estadio Azteca,Mexico,4,0,El Salvador, ,1,0,1820,MEX,SLV
1970,10 Jun 1970 - 16:00,Group 2,Cuauhtemoc,Sweden,1,0,Uruguay, ,0,0,1922,SWE,URU
1970,10 Jun 1970 - 16:00,Group 4,Nou Camp - Estadio Le�n,Germany FR,3,1,Peru, ,3,1,1840,FRG,PER
1970,10 Jun 1970 - 16:00,Group 3,Jalisco,Brazil,3,2,Romania, ,2,1,1769,BRA,ROU
1970,10 Jun 1970 - 16:00,Group 1,Estadio Azteca,Soviet Union,2,0,El Salvador, ,0,0,1823,URS,SLV
1970,11 Jun 1970 - 16:00,Group 2,Luis Dosal,Italy,0,0,Israel, ,0,0,1877,ITA,ISR
1970,11 Jun 1970 - 16:00,Group 4,Nou Camp - Estadio Le�n,Bulgaria,1,1,Morocco, ,1,0,1779,BUL,MAR
1970,11 Jun 1970 - 16:00,Group 3,Jalisco,England,1,0,Czechoslovakia, ,0,0,1813,ENG,TCH
1970,11 Jun 1970 - 16:00,Group 1,Estadio Azteca,Mexico,1,0,Belgium, ,1,0,1752,MEX,BEL
1970,14 Jun 1970 - 12:00,Quarter-finals,Luis Dosal,Italy,4,1,Mexico, ,1,1,1882,ITA,MEX
1970,14 Jun 1970 - 12:00,Quarter-finals,Nou Camp - Estadio Le�n,Germany FR,3,2,England,Germany FR win after extra time ,0,0,1811,FRG,ENG
1970,14 Jun 1970 - 12:00,Quarter-finals,Jalisco,Brazil,4,2,Peru, ,2,1,1768,BRA,PER
1970,14 Jun 1970 - 12:00,Quarter-finals,Estadio Azteca,Uruguay,1,0,Soviet Union,Uruguay win after extra time ,0,0,1925,URU,URS
1970,17 Jun 1970 - 16:00,Semi-finals,Jalisco,Brazil,3,1,Uruguay, ,1,1,1771,BRA,URU
1970,17 June 1970 - 16:00,Semi-finals,Estadio Azteca,Italy,4,3,Germany FR,Italy win after extra time ,0,0,1838,ITA,FRG
1970,20 Jun 1970 - 16:00,Match for third place,Estadio Azteca,Germany FR,1,0,Uruguay, ,1,0,1843,FRG,URU
1970,21 Jun 1970 - 12:00,Final,Estadio Azteca,Brazil,4,1,Italy, ,1,1,1765,BRA,ITA
1974,13 Jun 1974 - 17:00,Group 2,Waldstadion,Brazil,0,0,Yugoslavia, ,0,0,1986,BRA,YUG
1974,14 Jun 1974 - 16:00,Group 1,Olympiastadion,Germany FR,1,0,Chile, ,1,0,2003,FRG,CHI
1974,14 Jun 1974 - 19:30,Group 1,Volksparkstadion,German DR,2,0,Australia, ,0,0,1955,GDR,AUS
1974,14 Jun 1974 - 19:30,Group 2,Westfalenstadion,Zaire,0,2,Scotland, ,0,2,2176,ZAI,SCO
1974,15 Jun 1974 - 16:00,Group 3,Niedersachsenstadion,Uruguay,0,2,Netherlands, ,0,1,2098,URU,NED
1974,15 Jun 1974 - 16:00,Group 3,Rheinstadion,Sweden,0,0,Bulgaria, ,0,0,1995,SWE,BUL
1974,15 Jun 1974 - 18:00,Group 4,Olympiastadion,Italy,3,1,Haiti, ,0,0,2083,ITA,HAI
1974,15 Jun 1974 - 18:00,Group 4,Neckarstadion,Poland,3,2,Argentina, ,2,0,1952,POL,ARG
1974,18 Jun 1974 - 16:00,Group 1,Volksparkstadion,Australia,0,3,Germany FR, ,0,2,1954,AUS,FRG
1974,18 Jun 1974 - 19:30,Group 2,Waldstadion,Scotland,0,0,Brazil, ,0,0,1985,SCO,BRA
1974,18 Jun 1974 - 19:30,Group 1,Olympiastadion,Chile,1,1,German DR, ,0,0,2004,CHI,GDR
1974,18 Jun 1974 - 19:30,Group 2,Parkstadion,Yugoslavia,9,0,Zaire, ,6,0,2186,YUG,ZAI
1974,19 Jun 1974 - 19:30,Group 3,Westfalenstadion,Netherlands,0,0,Sweden, ,0,0,2097,NED,SWE
1974,19 Jun 1974 - 19:30,Group 3,Niedersachsenstadion,Bulgaria,1,1,Uruguay, ,0,0,1996,BUL,URU
1974,19 Jun 1974 - 19:30,Group 4,Olympiastadion,Haiti,0,7,Poland, ,0,5,2085,HAI,POL
1974,19 Jun 1974 - 19:30,Group 4,Neckarstadion,Argentina,1,1,Italy, ,1,1,1949,ARG,ITA
1974,22 Jun 1974 - 16:00,Group 2,Waldstadion,Scotland,1,1,Yugoslavia, ,0,0,2175,SCO,YUG
1974,22 Jun 1974 - 16:00,Group 1,Olympiastadion,Australia,0,0,Chile, ,0,0,1953,AUS,CHI
1974,22 Jun 1974 - 16:00,Group 2,Parkstadion,Zaire,0,3,Brazil, ,0,1,1987,ZAI,BRA
1974,22 June 1974 - 19:30,Group 1,Volksparkstadion,German DR,1,0,Germany FR, ,0,0,2062,GDR,FRG
1974,23 Jun 1974 - 16:00,Group 3,Westfalenstadion,Bulgaria,1,4,Netherlands, ,0,2,1990,BUL,NED
1974,23 Jun 1974 - 16:00,Group 4,Olympiastadion,Argentina,4,1,Haiti, ,2,0,1947,ARG,HAI
1974,23 Jun 1974 - 16:00,Group 3,Rheinstadion,Sweden,3,0,Uruguay, ,0,0,2181,SWE,URU
1974,23 Jun 1974 - 16:00,Group 4,Neckarstadion,Poland,2,1,Italy, ,2,0,2129,POL,ITA
1974,26 Jun 1974 - 16:00,Group B,Rheinstadion,Yugoslavia,0,2,Germany FR, ,0,1,2066,YUG,FRG
1974,26 Jun 1974 - 19:30,Group A,Niedersachsenstadion,Brazil,1,0,German DR, ,0,0,1982,BRA,GDR
1974,26 Jun 1974 - 19:30,Group A,Parkstadion,Netherlands,4,0,Argentina, ,2,0,1948,NED,ARG
1974,26 Jun 1974 - 19:30,Group B,Neckarstadion,Sweden,0,1,Poland, ,0,1,2167,SWE,POL
1974,30 Jun 1974 - 16:00,Group A,Niedersachsenstadion,Argentina,1,2,Brazil, ,1,1,1945,ARG,BRA
1974,30 Jun 1974 - 16:00,Group B,Waldstadion,Poland,2,1,Yugoslavia, ,1,1,2170,POL,YUG
1974,30 Jun 1974 - 16:00,Group A,Parkstadion,German DR,0,2,Netherlands, ,0,1,2067,GDR,NED
1974,30 Jun 1974 - 19:30,Group B,Rheinstadion,Germany FR,4,2,Sweden, ,0,1,2065,FRG,SWE
1974,03 Jul 1974 - 17:00,Group B,Waldstadion,Poland,0,1,Germany FR, ,0,0,2064,POL,FRG
1974,03 Jul 1974 - 19:30,Group A,Westfalenstadion,Netherlands,2,0,Brazil, ,0,0,1983,NED,BRA
1974,03 Jul 1974 - 19:30,Group A,Parkstadion,Argentina,1,1,German DR, ,1,1,1946,ARG,GDR
1974,03 Jul 1974 - 19:30,Group B,Rheinstadion,Sweden,2,1,Yugoslavia, ,1,1,2182,SWE,YUG
1974,06 Jul 1974 - 16:00,Match for third place,Olympiastadion,Brazil,0,1,Poland, ,0,0,1984,BRA,POL
1974,07 July 1974 - 16:00,Final,Olympiastadion,Netherlands,1,2,Germany FR, ,1,2,2063,NED,FRG
1978,01 Jun 1978 - 15:00,Group 2,El Monumental - Estadio Monumental Antonio Vespuci,Germany FR,0,0,Poland, ,0,0,2351,FRG,POL
1978,02 Jun 1978 - 13:45,Group 1,Estadio Jos� Mar�a Minella,Italy,2,1,France, ,1,1,2347,ITA,FRA
1978,02 Jun 1978 - 16:45,Group 2,Arroyito - Estadio Dr. Lisandro de la Torre,Tunisia,3,1,Mexico, ,0,1,2433,TUN,MEX
1978,02 Jun 1978 - 19:15,Group 1,El Monumental - Estadio Monumental Antonio Vespuci,Argentina,2,1,Hungary, ,1,1,2199,ARG,HUN
1978,03 Jun 1978 - 13:45,Group 3,Estadio Jos� Mar�a Minella,Sweden,1,1,Brazil, ,1,1,2253,SWE,BRA
1978,03 Jun 1978 - 13:45,Group 3,Jose Amalfitani,Austria,2,1,Spain, ,1,1,2216,AUT,ESP
1978,03 Jun 1978 - 16:45,Group 4,Estadio Ol�mpico Chateau Carreras,Peru,3,1,Scotland, ,1,1,2451,PER,SCO
1978,03 Jun 1978 - 16:45,Group 4,San Martin,Netherlands,3,0,IR Iran, ,1,0,2388,NED,IRN
1978,06 Jun 1978 - 13:45,Group 1,Estadio Jos� Mar�a Minella,Italy,3,1,Hungary, ,2,0,2396,ITA,HUN
1978,06 Jun 1978 - 16:45,Group 2,Arroyito - Estadio Dr. Lisandro de la Torre,Poland,1,0,Tunisia, ,1,0,2454,POL,TUN
1978,06 Jun 1978 - 16:45,Group 2,Estadio Ol�mpico Chateau Carreras,Germany FR,6,0,Mexico, ,4,0,2350,FRG,MEX
1978,06 Jun 1978 - 19:15,Group 1,El Monumental - Estadio Monumental Antonio Vespuci,Argentina,2,1,France, ,1,0,2197,ARG,FRA
1978,07 Jun 1978 - 13:45,Group 3,Estadio Jos� Mar�a Minella,Brazil,0,0,Spain, ,0,0,2246,BRA,ESP
1978,07 Jun 1978 - 13:45,Group 3,Jose Amalfitani,Austria,1,0,Sweden, ,1,0,2224,AUT,SWE
1978,07 Jun 1978 - 16:45,Group 4,Estadio Ol�mpico Chateau Carreras,Scotland,1,1,IR Iran, ,1,0,2408,SCO,IRN
1978,07 Jun 1978 - 16:45,Group 4,San Martin,Netherlands,0,0,Peru, ,0,0,2394,NED,PER
1978,10 Jun 1978 - 15:10,Group 1,Estadio Jos� Mar�a Minella,France,3,1,Hungary, ,3,1,2344,FRA,HUN
1978,10 Jun 1978 - 16:45,Group 2,Arroyito - Estadio Dr. Lisandro de la Torre,Poland,3,1,Mexico, ,1,0,2431,POL,MEX
1978,10 Jun 1978 - 16:45,Group 2,Estadio Ol�mpico Chateau Carreras,Germany FR,0,0,Tunisia, ,0,0,2352,FRG,TUN
1978,10 Jun 1978 - 19:15,Group 1,El Monumental - Estadio Monumental Antonio Vespuci,Italy,1,0,Argentina, ,0,0,2200,ITA,ARG
1978,11 Jun 1978 - 13:45,Group 3,Estadio Jos� Mar�a Minella,Brazil,1,0,Austria, ,1,0,2215,BRA,AUT
1978,11 Jun 1978 - 13:45,Group 3,Jose Amalfitani,Spain,1,0,Sweden, ,0,0,2337,ESP,SWE
1978,11 Jun 1978 - 16:45,Group 4,Estadio Ol�mpico Chateau Carreras,Peru,4,1,Iran, ,3,1,2405,PER,IRN
1978,11 Jun 1978 - 16:45,Group 4,San Martin,Scotland,3,2,Netherlands, ,1,1,2395,SCO,NED
1978,14 Jun 1978 - 13:45,Group A,El Monumental - Estadio Monumental Antonio Vespuci,Germany FR,0,0,Italy, ,0,0,2349,FRG,ITA
1978,14 Jun 1978 - 13:45,Group A,Estadio Ol�mpico Chateau Carreras,Netherlands,5,1,Austria, ,3,0,2220,NED,AUT
1978,14 Jun 1978 - 16:45,Group B,San Martin,Brazil,3,0,Peru, ,2,0,2251,BRA,PER
1978,14 Jun 1978 - 19:15,Group B,Arroyito - Estadio Dr. Lisandro de la Torre,Argentina,2,0,Poland, ,1,0,2202,ARG,POL
1978,18 Jun 1978 - 13:45,Group B,San Martin,Poland,1,0,Peru, ,0,0,2450,POL,PER
1978,18 Jun 1978 - 16:45,Group A,El Monumental - Estadio Monumental Antonio Vespuci,Italy,1,0,Austria, ,1,0,2221,ITA,AUT
1978,18 Jun 1978 - 16:45,Group A,Estadio Ol�mpico Chateau Carreras,Germany FR,2,2,Netherlands, ,1,1,2348,FRG,NED
1978,18 Jun 1978 - 19:15,Group B,Arroyito - Estadio Dr. Lisandro de la Torre,Argentina,0,0,Brazil, ,0,0,2196,ARG,BRA
1978,21 Jun 1978 - 13:45,Group A,El Monumental - Estadio Monumental Antonio Vespuci,Netherlands,2,1,Italy, ,0,1,2391,NED,ITA
1978,21 Jun 1978 - 13:45,Group A,Estadio Ol�mpico Chateau Carreras,Austria,3,2,Germany FR, ,0,1,2217,AUT,FRG
1978,21 Jun 1978 - 16:45,Group B,San Martin,Brazil,3,1,Poland, ,1,1,2252,BRA,POL
1978,21 Jun 1978 - 19:15,Group B,Arroyito - Estadio Dr. Lisandro de la Torre,Argentina,6,0,Peru, ,2,0,2201,ARG,PER
1978,24 Jun 1978 - 15:00,Match for third place,El Monumental - Estadio Monumental Antonio Vespuci,Brazil,2,1,Italy, ,0,1,2247,BRA,ITA
1978,25 Jun 1978 - 15:00,Final,El Monumental - Estadio Monumental Antonio Vespuci,Argentina,3,1,Netherlands,Argentina win after extra time ,0,0,2198,ARG,NED
1982,13 Jun 1982 - 20:00,Group 3,Camp Nou,Argentina,0,1,Belgium, ,0,0,749,ARG,BEL
1982,14 Jun 1982 - 17:15,Group 1,Estadio Municipal de Bala�dos,Italy,0,0,Poland, ,0,0,995,ITA,POL
1982,14 Jun 1982 - 21:00,Group 6,Ramon Sanchez Pizjuan,Brazil,2,1,Soviet Union, ,0,1,791,BRA,URS
1982,15 Jun 1982 - 17:15,Group 1,Riazor,Peru,0,0,Cameroon, ,0,0,833,PER,CMR
1982,15 Jun 1982 - 21:00,Group 3,Nuevo Estadio,Hungary,10,1,El Salvador, ,3,0,896,HUN,SLV
1982,15 Jun 1982 - 21:00,Group 6,La Rosaleda,Scotland,5,2,New Zealand, ,3,0,1051,SCO,NZL
1982,16 Jun 1982 - 17:15,Group 2,El Molinon,Germany FR,1,2,Algeria, ,0,0,741,FRG,ALG
1982,16 Jun 1982 - 17:15,Group 4,San Mames,England,3,1,France, ,1,1,878,ENG,FRA
1982,16 Jun 1982 - 21:00,Group 5,Luis Casanova,Spain,1,1,Honduras, ,0,1,901,ESP,HON
1982,17 Jun 1982 - 17:15,Group 2,Carlos Tartiere,Chile,0,1,Austria, ,0,1,764,CHI,AUT
1982,17 Jun 1982 - 17:45,Group 4,Jose Zorrilla,Czechoslovakia,1,1,Kuwait, ,1,0,1012,TCH,KUW
1982,17 Jun 1982 - 21:00,Group 5,La Romareda,Yugoslavia,0,0,Northern Ireland, ,0,0,1044,YUG,NIR
1982,18 Jun 1982 - 17:15,Group 1,Estadio Municipal de Bala�dos,Italy,1,1,Peru, ,1,0,994,ITA,PER
1982,18 Jun 1982 - 21:00,Group 3,Jose Rico Perez,Argentina,4,1,Hungary, ,2,0,752,ARG,HUN
1982,18 Jun 1982 - 21:00,Group 6,Benito Villamarin,Brazil,4,1,Scotland, ,1,1,790,BRA,SCO
1982,19 Jun 1982 - 19:15,Group 1,Riazor,Poland,0,0,Cameroon, ,0,0,834,POL,CMR
1982,19 Jun 1982 - 21:00,Group 3,Nuevo Estadio,Belgium,1,0,El Salvador, ,1,0,774,BEL,SLV
1982,19 Jun 1982 - 21:00,Group 6,La Rosaleda,Soviet Union,3,0,New Zealand, ,1,0,1054,URS,NZL
1982,20 Jun 1982 - 17:15,Group 2,El Molinon,Germany FR,4,1,Chile, ,1,0,813,FRG,CHI
1982,20 Jun 1982 - 17:15,Group 4,San Mames,England,2,0,Czechoslovakia, ,0,0,889,ENG,TCH
1982,20 Jun 1982 - 21:00,Group 5,Luis Casanova,Spain,2,1,Yugoslavia, ,1,1,903,ESP,YUG
1982,21 Jun 1982 - 17:15,Group 2,Carlos Tartiere,Algeria,0,2,Austria, ,0,0,739,ALG,AUT
1982,21 Jun 1982 - 17:15,Group 4,Jose Zorrilla,France,4,1,Kuwait, ,2,0,919,FRA,KUW
1982,21 Jun 1982 - 21:00,Group 5,La Romareda,Honduras,1,1,Northern Ireland, ,0,1,959,HON,NIR
1982,22 Jun 1982 - 17:15,Group 1,Riazor,Poland,5,1,Peru, ,0,0,1055,POL,PER
1982,22 Jun 1982 - 21:00,Group 3,Nuevo Estadio,Belgium,1,1,Hungary, ,0,1,779,BEL,HUN
1982,22 Jun 1982 - 21:00,Group 6,La Rosaleda,Soviet Union,2,2,Scotland, ,0,1,1071,URS,SCO
1982,23 Jun 1982 - 17:15,Group 1,Estadio Municipal de Bala�dos,Italy,1,1,Cameroon, ,0,0,828,ITA,CMR
1982,23 Jun 1982 - 21:00,Group 3,Jose Rico Perez,Argentina,2,0,El Salvador, ,1,0,751,ARG,SLV
1982,23 Jun 1982 - 21:00,Group 6,Benito Villamarin,Brazil,4,0,New Zealand, ,2,0,789,BRA,NZL
1982,24 Jun 1982 - 17:15,Group 2,Carlos Tartiere,Algeria,3,2,Chile, ,3,0,740,ALG,CHI
1982,24 Jun 1982 - 17:15,Group 4,Jose Zorrilla,France,1,1,Czechoslovakia, ,0,0,922,FRA,TCH
1982,24 Jun 1982 - 21:00,Group 5,La Romareda,Honduras,0,1,Yugoslavia, ,0,0,962,HON,YUG
1982,25 Jun 1982 - 17:15,Group 2,El Molinon,Germany FR,1,0,Austria, ,1,0,770,FRG,AUT
1982,25 Jun 1982 - 17:15,Group 4,San Mames,England,1,0,Kuwait, ,1,0,882,ENG,KUW
1982,25 Jun 1982 - 21:00,Group 5,Luis Casanova,Northern Ireland,1,0,Spain, ,0,0,902,NIR,ESP
1982,28 Jun 1982 - 17:15,Group 4,Vicente Calderon,Austria,0,1,France, ,0,1,767,AUT,FRA
1982,28 Jun 1982 - 21:00,Group 1,Camp Nou,Poland,3,0,Belgium, ,2,0,782,POL,BEL
1982,29 Jun 1982 - 17:15,Group 3,Sarria,Italy,2,1,Argentina, ,0,0,753,ITA,ARG
1982,29 Jun 1982 - 21:00,Group 2,Santiago Bernabeu,Germany FR,0,0,England, ,0,0,879,FRG,ENG
1982,01 Jul 1982 - 17:15,Group 4,Vicente Calderon,Austria,2,2,Northern Ireland, ,0,1,771,AUT,NIR
1982,01 Jul 1982 - 21:00,Group 1,Camp Nou,Belgium,0,1,Soviet Union, ,0,0,783,BEL,URS
1982,02 Jul 1982 - 17:15,Group 3,Sarria,Argentina,1,3,Brazil, ,0,1,750,ARG,BRA
1982,02 Jul 1982 - 21:00,Group 2,Santiago Bernabeu,Germany FR,2,1,Spain, ,0,0,900,FRG,ESP
1982,04 Jul 1982 - 17:15,Group 4,Vicente Calderon,France,4,1,Northern Ireland, ,1,0,920,FRA,NIR
1982,04 Jul 1982 - 21:00,Group 1,Camp Nou,Poland,0,0,Soviet Union, ,0,0,1058,POL,URS
1982,05 Jul 1982 - 17:15,Group 3,Sarria,Italy,3,2,Brazil, ,2,1,788,ITA,BRA
1982,05 Jul 1982 - 21:00,Group 2,Santiago Bernabeu,Spain,0,0,England, ,0,0,877,ESP,ENG
1982,08 Jul 1982 - 17:15,Semi-finals,Camp Nou,Poland,0,2,Italy, ,0,1,996,POL,ITA
1982,08 Jul 1982 - 21:00,Semi-finals,Ramon Sanchez Pizjuan,Germany FR,3,3,France,win on penalties (5 - 4),0,0,914,FRG,FRA
1982,10 Jul 1982 - 20:00,Match for third place,Jose Rico Perez,Poland,3,2,France, ,2,1,921,POL,FRA
1982,11 Jul 1982 - 20:00,Final,Santiago Bernabeu,Italy,3,1,Germany FR, ,0,0,923,ITA,FRG
1986,31 May 1986 - 12:00,Group A,Estadio Azteca,Bulgaria,1,1,Italy, ,0,1,459,BUL,ITA
1986,01 Jun 1986 - 16:00,Group C,Nou Camp - Estadio Le�n,Canada,0,1,France, ,0,0,468,CAN,FRA
1986,01 Jun 1986 - 12:00,Group D,Jalisco,Spain,0,1,Brazil, ,0,0,439,ESP,BRA
1986,02 Jun 1986 - 12:00,Group C,Estadio Irapuato,Soviet Union,6,0,Hungary, ,3,0,610,URS,HUN
1986,02 Jun 1986 - 12:00,Group A,Estadio Ol�mpico Universitario,Argentina,3,1,Korea Republic, ,2,0,395,ARG,KOR
1986,02 Jun 1986 - 16:00,Group F,Estadio Universitario,Morocco,0,0,Poland, ,0,0,674,MAR,POL
1986,03 Jun 1986 - 12:00,Group D,Tres de Marzo,Algeria,1,1,Northern Ireland, ,0,1,379,ALG,NIR
1986,03 Jun 1986 - 12:00,Group B,Estadio Azteca,Belgium,1,2,Mexico, ,1,2,428,BEL,MEX
1986,03 Jun 1986 - 16:00,Group F,Tecnologico,Portugal,1,0,England, ,0,0,538,POR,ENG
1986,04 Jun 1986 - 12:00,Group B,Bombonera - Estadio Nemesio Diez,Paraguay,1,0,Iraq, ,1,0,628,PAR,IRQ
1986,04 Jun 1986 - 16:00,Group E,Neza,Scotland,0,1,Denmark, ,0,0,517,SCO,DEN
1986,04 Jun 1986 - 12:00,Group E,Estadio Corregidora,Uruguay,1,1,Germany FR, ,1,0,585,URU,FRG
1986,05 Jun 1986 - 12:00,Group A,Cuauhtemoc,Italy,1,1,Argentina, ,1,1,394,ITA,ARG
1986,05 Jun 1986 - 12:00,Group C,Nou Camp - Estadio Le�n,France,1,1,Soviet Union, ,0,0,571,FRA,URS
1986,05 Jun 1986 - 16:00,Group A,Estadio Ol�mpico Universitario,Korea Republic,1,1,Bulgaria, ,0,1,460,KOR,BUL
1986,06 Jun 1986 - 12:00,Group C,Estadio Irapuato,Hungary,2,0,Canada, ,1,0,475,HUN,CAN
1986,06 Jun 1986 - 12:00,Group D,Jalisco,Brazil,1,0,Algeria, ,0,0,377,BRA,ALG
1986,06 Jun 1986 - 16:00,Group F,Tecnologico,England,0,0,Morocco, ,0,0,533,ENG,MAR
1986,07 Jun 1986 - 12:00,Group D,Tres de Marzo,Northern Ireland,1,2,Spain, ,0,2,551,NIR,ESP
1986,07 Jun 1986 - 12:00,Group B,Estadio Azteca,Mexico,1,1,Paraguay, ,1,0,680,MEX,PAR
1986,07 Jun 1986 - 16:00,Group F,Estadio Universitario,Poland,1,0,Portugal, ,0,0,701,POL,POR
1986,08 Jun 1986 - 12:00,Group B,Bombonera - Estadio Nemesio Diez,Iraq,1,2,Belgium, ,0,2,427,IRQ,BEL
1986,08 Jun 1986 - 16:00,Group E,Neza,Denmark,6,1,Uruguay, ,2,1,522,DEN,URU
1986,08 Jun 1986 - 12:00,Group E,Estadio Corregidora,Germany FR,2,1,Scotland, ,1,1,580,FRG,SCO
1986,09 Jun 1986 - 12:00,Group C,Nou Camp - Estadio Le�n,Hungary,0,3,France, ,0,1,567,HUN,FRA
1986,09 Jun 1986 - 12:00,Group C,Estadio Irapuato,Soviet Union,2,0,Canada, ,0,0,476,URS,CAN
1986,10 Jun 1986 - 12:00,Group A,Cuauhtemoc,Korea Republic,2,3,Italy, ,0,1,643,KOR,ITA
1986,10 Jun 1986 - 12:00,Group A,Estadio Ol�mpico Universitario,Argentina,2,0,Bulgaria, ,1,0,389,ARG,BUL
1986,11 Jun 1986 - 12:00,Group B,Bombonera - Estadio Nemesio Diez,Paraguay,2,2,Belgium, ,0,1,429,PAR,BEL
1986,11 Jun 1986 - 12:00,Group B,Estadio Azteca,Iraq,0,1,Mexico, ,0,0,627,IRQ,MEX
1986,11 Jun 1986 - 16:00,Group F,Tres de Marzo,Portugal,1,3,Morocco, ,0,2,675,POR,MAR
1986,11 Jun 1986 - 16:00,Group F,Tecnologico,England,3,0,Poland, ,3,0,537,ENG,POL
1986,12 Jun 1986 - 12:00,Group D,Jalisco,Northern Ireland,0,3,Brazil, ,0,2,441,NIR,BRA
1986,12 Jun 1986 - 12:00,Group D,Tecnologico,Algeria,0,3,Spain, ,0,1,378,ALG,ESP
1986,13 Jun 1986 - 12:00,Group E,Neza,Scotland,0,0,Uruguay, ,0,0,712,SCO,URU
1986,13 Jun 1986 - 12:00,Group E,Estadio Corregidora,Denmark,2,0,Germany FR, ,1,0,512,DEN,FRG
1986,15 Jun 1986 - 16:00,Round of 16,Nou Camp - Estadio Le�n,Soviet Union,3,4,Belgium,Belgium win after extra time ,0,0,432,URS,BEL
1986,15 Jun 1986 - 12:00,Round of 16,Estadio Azteca,Mexico,2,0,Bulgaria, ,1,0,463,MEX,BUL
1986,16 Jun 1986 - 16:00,Round of 16,Cuauhtemoc,Argentina,1,0,Uruguay, ,1,0,398,ARG,URU
1986,16 Jun 1986 - 12:00,Round of 16,Jalisco,Brazil,4,0,Poland, ,1,0,444,BRA,POL
1986,17 Jun 1986 - 12:00,Round of 16,Estadio Ol�mpico Universitario,Italy,0,2,France, ,0,1,568,ITA,FRA
1986,17 Jun 1986 - 16:00,Round of 16,Estadio Universitario,Morocco,0,1,Germany FR, ,0,0,574,MAR,FRG
1986,18 Jun 1986 - 12:00,Round of 16,Estadio Azteca,England,3,0,Paraguay, ,1,0,536,ENG,PAR
1986,18 Jun 1986 - 16:00,Round of 16,Estadio Corregidora,Denmark,1,5,Spain, ,1,1,511,DEN,ESP
1986,21 Jun 1986 - 12:00,Quarter-finals,Jalisco,Brazil,1,1,France,France win on penalties (3 - 4),0,0,440,BRA,FRA
1986,21 Jun 1986 - 16:00,Quarter-finals,Estadio Universitario,Germany FR,0,0,Mexico,Germany FR win on penalties (4 - 1),0,0,575,FRG,MEX
1986,22 Jun 1986 - 16:00,Quarter-finals,Cuauhtemoc,Spain,1,1,Belgium,Belgium win on penalties (4 - 5),0,0,421,ESP,BEL
1986,22 Jun 1986 - 12:00,Quarter-finals,Estadio Azteca,Argentina,2,1,England, ,0,0,392,ARG,ENG
1986,25 Jun 1986 - 12:00,Semi-finals,Jalisco,France,0,2,Germany FR, ,0,1,564,FRA,FRG
1986,25 Jun 1986 - 16:00,Semi-finals,Estadio Azteca,Argentina,2,0,Belgium, ,0,0,388,ARG,BEL
1986,28 Jun 1986 - 12:00,Match for third place,Cuauhtemoc,France,4,2,Belgium,France win after extra time ,0,0,422,FRA,BEL
1986,29 Jun 1986 - 12:00,Final,Estadio Azteca,Argentina,3,2,Germany FR, ,1,0,393,ARG,FRG
1990,08 Jun 1990 - 18:00,Group B,Giuseppe Meazza,Argentina,0,1,Cameroon, ,0,0,26,ARG,CMR
1990,09 Jun 1990 - 17:00,Group B,Stadio San Nicola,Soviet Union,0,2,Romania, ,0,1,342,URS,ROU
1990,09 Jun 1990 - 17:00,Group D,Renato Dall Ara,"rn"">United Arab Emirates",0,2,Colombia, ,0,0,119,UAE,COL
1990,09 Jun 1990 - 21:00,Group A,Stadio Olimpico,Italy,1,0,Austria, ,0,0,42,ITA,AUT
1990,10 Jun 1990 - 17:00,Group A,Comunale,USA,1,5,Czechoslovakia, ,0,2,355,USA,TCH
1990,10 Jun 1990 - 21:00,Group C,Stadio delle Alpi,Brazil,2,1,Sweden, ,1,0,75,BRA,SWE
1990,10 Jun 1990 - 21:00,Group D,Giuseppe Meazza,Germany FR,4,1,Yugoslavia, ,2,0,201,FRG,YUG
1990,11 Jun 1990 - 17:00,Group C,Luigi Ferraris,Costa Rica,1,0,Scotland, ,0,0,127,CRC,SCO
1990,11 Jun 1990 - 21:00,Group F,Sant Elia,England,1,1,"rn"">Republic of Ireland", ,1,0,161,ENG,IRL
1990,12 Jun 1990 - 17:00,Group E,Marc Antonio Bentegodi,Belgium,2,0,Korea Republic, ,0,0,57,BEL,KOR
1990,12 Jun 1990 - 21:00,Group F,Della Favorita,Netherlands,1,1,Egypt, ,0,0,151,NED,EGY
1990,13 Jun 1990 - 17:00,Group E,Dacia Arena,Uruguay,0,0,Spain, ,0,0,180,URU,ESP
1990,13 Jun 1990 - 21:00,Group B,San Paolo,Argentina,2,0,Soviet Union, ,1,0,30,ARG,URS
1990,14 Jun 1990 - 17:00,Group B,Stadio San Nicola,Cameroon,2,1,Romania, ,0,0,108,CMR,ROU
1990,14 Jun 1990 - 17:00,Group D,Renato Dall Ara,Yugoslavia,1,0,Colombia, ,0,0,120,YUG,COL
1990,14 Jun 1990 - 21:00,Group A,Stadio Olimpico,Italy,1,0,USA, ,1,0,265,ITA,USA
1990,15 Jun 1990 - 17:00,Group A,Comunale,Austria,0,1,Czechoslovakia, ,0,1,43,AUT,TCH
1990,15 Jun 1990 - 21:00,Group D,Giuseppe Meazza,Germany FR,5,1,"rn"">United Arab Emirates", ,2,0,198,FRG,UAE
1990,16 Jun 1990 - 17:00,Group C,Stadio delle Alpi,Brazil,1,0,Costa Rica, ,1,0,73,BRA,CRC
1990,16 Jun 1990 - 21:00,Group C,Luigi Ferraris,Sweden,1,2,Scotland, ,0,1,348,SWE,SCO
1990,16 Jun 1990 - 21:00,Group F,Sant Elia,England,0,0,Netherlands, ,0,0,160,ENG,NED
1990,17 Jun 1990 - 17:00,Group F,Della Favorita,"rn"">Republic of Ireland",0,0,Egypt, ,0,0,152,IRL,EGY
1990,17 Jun 1990 - 21:00,Group E,Dacia Arena,Korea Republic,1,3,Spain, ,1,1,175,KOR,ESP
1990,17 Jun 1990 - 21:00,Group E,Marc Antonio Bentegodi,Belgium,3,1,Uruguay, ,2,0,66,BEL,URU
1990,18 Jun 1990 - 21:00,Group B,San Paolo,Argentina,1,1,Romania, ,0,0,29,ARG,ROU
1990,18 Jun 1990 - 21:00,Group B,Stadio San Nicola,Cameroon,0,4,Soviet Union, ,0,2,111,CMR,URS
1990,19 Jun 1990 - 17:00,Group D,Giuseppe Meazza,Germany FR,1,1,Colombia, ,0,0,114,FRG,COL
1990,19 Jun 1990 - 17:00,Group D,Renato Dall Ara,Yugoslavia,4,1,"rn"">United Arab Emirates", ,2,1,364,YUG,UAE
1990,19 Jun 1990 - 21:00,Group A,Stadio Olimpico,Italy,2,0,Czechoslovakia, ,1,0,263,ITA,TCH
1990,19 Jun 1990 - 21:00,Group A,Comunale,Austria,2,1,USA, ,0,0,48,AUT,USA
1990,20 Jun 1990 - 21:00,Group C,Stadio delle Alpi,Brazil,1,0,Scotland, ,0,0,74,BRA,SCO
1990,20 Jun 1990 - 21:00,Group C,Luigi Ferraris,Sweden,1,2,Costa Rica, ,1,0,128,SWE,CRC
1990,21 Jun 1990 - 17:00,Group E,Friuli,Korea Republic,0,1,Uruguay, ,0,0,290,KOR,URU
1990,21 Jun 1990 - 17:00,Group E,Marc Antonio Bentegodi,Belgium,1,2,Spain, ,1,2,56,BEL,ESP
1990,21 Jun 1990 - 21:00,Group F,Della Favorita,"rn"">Republic of Ireland",1,1,Netherlands, ,0,1,228,IRL,NED
1990,21 Jun 1990 - 21:00,Group F,Sant Elia,England,1,0,Egypt, ,0,0,150,ENG,EGY
1990,23 Jun 1990 - 17:00,Round of 16,San Paolo,Cameroon,2,1,Colombia,Cameroon win after extra time ,0,0,102,CMR,COL
1990,23 Jun 1990 - 21:00,Round of 16,Stadio San Nicola,Czechoslovakia,4,1,Costa Rica, ,1,0,129,TCH,CRC
1990,24 Jun 1990 - 17:00,Round of 16,Stadio delle Alpi,Brazil,0,1,Argentina, ,0,0,25,BRA,ARG
1990,24 Jun 1990 - 21:00,Round of 16,Giuseppe Meazza,Germany FR,2,1,Netherlands, ,0,0,196,FRG,NED
1990,25 Jun 1990 - 17:00,Round of 16,Luigi Ferraris,"rn"">Republic of Ireland",0,0,Romania,Republic of Ireland win on penalties (5 - 4),0,0,248,IRL,ROU
1990,25 Jun 1990 - 21:00,Round of 16,Stadio Olimpico,Italy,2,0,Uruguay, ,0,0,264,ITA,URU
1990,26 Jun 1990 - 17:00,Round of 16,Marc Antonio Bentegodi,Spain,1,2,Yugoslavia,Yugoslavia win after extra time ,0,0,181,ESP,YUG
1990,26 Jun 1990 - 21:00,Round of 16,Renato Dall Ara,England,1,0,Belgium,England win after extra time ,0,0,55,ENG,BEL
1990,30 Jun 1990 - 17:00,Quarter-finals,Comunale,Yugoslavia,0,0,Argentina,win on penalties (2 - 3),0,0,31,YUG,ARG
1990,30 Jun 1990 - 21:00,Quarter-finals,Stadio Olimpico,Italy,1,0,"rn"">Republic of Ireland", ,1,0,243,ITA,IRL
1990,01 Jul 1990 - 17:00,Quarter-finals,Giuseppe Meazza,Germany FR,1,0,Czechoslovakia, ,1,0,197,FRG,TCH
1990,01 Jul 1990 - 21:00,Quarter-finals,San Paolo,England,3,2,Cameroon,England win after extra time ,0,0,103,ENG,CMR
1990,03 Jul 1990 - 20:00,Semi-finals,San Paolo,Italy,1,1,Argentina,win on penalties (3 - 4),0,0,28,ITA,ARG
1990,04 Jul 1990 - 20:00,Semi-finals,Stadio delle Alpi,Germany FR,1,1,England,win on penalties (4 - 3),0,0,159,FRG,ENG
1990,07 Jul 1990 - 20:00,Match for third place,Stadio San Nicola,Italy,2,1,England, ,0,0,162,ITA,ENG
1990,08 Jul 1990 - 20:00,Final,Stadio Olimpico,Germany FR,1,0,Argentina, ,0,0,27,FRG,ARG
1994,17 Jun 1994 - 19:30,Group C,Cotton Bowl,Spain,2,2,Korea Republic, ,0,0,3050,ESP,KOR
1994,17 Jun 1994 - 15:00,Group C,Soldier Field,Germany,1,0,Bolivia, ,0,0,3049,GER,BOL
1994,18 Jun 1994 - 11:30,Group A,Pontiac Silverdome,USA,1,1,Switzerland, ,1,1,3051,USA,SUI
1994,18 Jun 1994 - 16:00,Group E,Giants Stadium,Italy,0,1,"rn"">Republic of Ireland", ,0,1,3052,ITA,IRL
1994,18 Jun 1994 - 19:30,Group A,Rose Bowl,Colombia,1,3,Romania, ,1,2,3053,COL,ROU
1994,19 Jun 1994 - 12:30,Group F,Citrus Bowl,Belgium,1,0,Morocco, ,1,0,3054,BEL,MAR
1994,19 Jun 1994 - 16:00,Group E,RFK Stadium,Norway,1,0,Mexico, ,0,0,3055,NOR,MEX
1994,19 Jun 1994 - 19:30,Group B,Rose Bowl,Cameroon,2,2,Sweden, ,1,1,3056,CMR,SWE
1994,20 Jun 1994 - 19:30,Group F,RFK Stadium,Netherlands,2,1,Saudi Arabia, ,0,1,3058,NED,KSA
1994,20 Jun 1994 - 16:00,Group B,Stanford Stadium,Brazil,2,0,Russia, ,1,0,3057,BRA,RUS
1994,21 Jun 1994 - 12:30,Group D,Foxboro Stadium,Argentina,4,0,Greece, ,2,0,3059,ARG,GRE
1994,21 Jun 1994 - 19:30,Group D,Cotton Bowl,Nigeria,3,0,Bulgaria, ,2,0,3061,NGA,BUL
1994,21 Jun 1994 - 16:00,Group C,Soldier Field,Germany,1,1,Spain, ,0,1,3060,GER,ESP
1994,22 Jun 1994 - 16:00,Group A,Pontiac Silverdome,Romania,1,4,Switzerland, ,1,1,3062,ROU,SUI
1994,22 Jun 1994 - 19:30,Group A,Rose Bowl,USA,2,1,Colombia, ,1,0,3063,USA,COL
1994,23 Jun 1994 - 16:00,Group E,Giants Stadium,Italy,1,0,Norway, ,0,0,3064,ITA,NOR
1994,23 Jun 1994 - 19:30,Group C,Foxboro Stadium,Korea Republic,0,0,Bolivia, ,0,0,3065,KOR,BOL
1994,24 Jun 1994 - 12:30,Group E,Citrus Bowl,Mexico,2,1,"rn"">Republic of Ireland", ,1,0,3066,MEX,IRL
1994,24 Jun 1994 - 19:30,Group B,Pontiac Silverdome,Sweden,3,1,Russia, ,1,1,3068,SWE,RUS
1994,24 Jun 1994 - 16:00,Group B,Stanford Stadium,Brazil,3,0,Cameroon, ,1,0,3067,BRA,CMR
1994,25 Jun 1994 - 12:30,Group F,Citrus Bowl,Belgium,1,0,Netherlands, ,0,0,3069,BEL,NED
1994,25 Jun 1994 - 12:30,Group F,Giants Stadium,Saudi Arabia,2,1,Morocco, ,2,1,3070,KSA,MAR
1994,25 Jun 1994 - 16:00,Group D,Foxboro Stadium,Argentina,2,1,Nigeria, ,2,1,3071,ARG,NGA
1994,26 Jun 1994 - 12:30,Group D,Soldier Field,Bulgaria,4,0,Greece, ,1,0,3072,BUL,GRE
1994,26 Jun 1994 - 16:00,Group A,Rose Bowl,USA,0,1,Romania, ,0,1,3073,USA,ROU
1994,26 Jun 1994 - 16:00,Group A,Stanford Stadium,Switzerland,0,2,Colombia, ,0,1,3074,SUI,COL
1994,27 Jun 1994 - 16:00,Group C,Cotton Bowl,Germany,3,2,Korea Republic, ,3,0,3076,GER,KOR
1994,27 Jun 1994 - 16:00,Group C,Soldier Field,Bolivia,1,3,Spain, ,0,1,3075,BOL,ESP
1994,28 Jun 1994 - 12:30,Group E,Giants Stadium,"rn"">Republic of Ireland",0,0,Norway, ,0,0,3077,IRL,NOR
1994,28 Jun 1994 - 16:00,Group B,Pontiac Silverdome,Brazil,1,1,Sweden, ,0,1,3080,BRA,SWE
1994,28 Jun 1994 - 12:30,Group E,RFK Stadium,Italy,1,1,Mexico, ,0,0,3078,ITA,MEX
1994,28 Jun 1994 - 16:00,Group B,Stanford Stadium,Russia,6,1,Cameroon, ,3,0,3079,RUS,CMR
1994,29 Jun 1994 - 12:30,Group F,Citrus Bowl,Morocco,1,2,Netherlands, ,0,1,3081,MAR,NED
1994,29 Jun 1994 - 12:30,Group F,RFK Stadium,Belgium,0,1,Saudi Arabia, ,0,1,3082,BEL,KSA
1994,30 Jun 1994 - 19:30,Group D,Foxboro Stadium,Greece,0,2,Nigeria, ,0,1,3083,GRE,NGA
1994,30 Jun 1994 - 19:30,Group D,Cotton Bowl,Argentina,0,2,Bulgaria, ,0,0,3084,ARG,BUL
1994,02 Jul 1994 - 12:00,Round of 16,Soldier Field,Germany,3,2,Belgium, ,3,1,3085,GER,BEL
1994,02 Jul 1994 - 16:30,Round of 16,RFK Stadium,Spain,3,0,Switzerland, ,1,0,3086,ESP,SUI
1994,03 Jul 1994 - 12:00,Round of 16,Cotton Bowl,Saudi Arabia,1,3,Sweden, ,0,1,3087,KSA,SWE
1994,03 Jul 1994 - 13:30,Round of 16,Rose Bowl,Romania,3,2,Argentina, ,2,1,3088,ROU,ARG
1994,04 Jul 1994 - 12:00,Round of 16,Citrus Bowl,Netherlands,2,0,"rn"">Republic of Ireland", ,2,0,3089,NED,IRL
1994,04 Jul 1994 - 12:30,Round of 16,Stanford Stadium,Brazil,1,0,USA, ,0,0,3090,BRA,USA
1994,05 Jul 1994 - 13:00,Round of 16,Foxboro Stadium,Nigeria,1,2,Italy,Italy win after extra time ,0,0,3091,NGA,ITA
1994,05 Jul 1994 - 16:30,Round of 16,Giants Stadium,Mexico,1,1,Bulgaria,Bulgaria win on penalties (1 - 3),0,0,3092,MEX,BUL
1994,09 Jul 1994 - 12:00,Quarter-finals,Foxboro Stadium,Italy,2,1,Spain, ,1,0,3097,ITA,ESP
1994,09 Jul 1994 - 14:30,Quarter-finals,Cotton Bowl,Netherlands,2,3,Brazil, ,0,0,3098,NED,BRA
1994,10 Jul 1994 - 12:00,Quarter-finals,Giants Stadium,Bulgaria,2,1,Germany, ,0,0,3096,BUL,GER
1994,10 Jul 1994 - 12:30,Quarter-finals,Stanford Stadium,Romania,2,2,Sweden,Sweden win on penalties (4 - 5),0,0,3095,ROU,SWE
1994,13 Jul 1994 - 16:00,Semi-finals,Giants Stadium,Bulgaria,1,2,Italy, ,1,2,3100,BUL,ITA
1994,13 Jul 1994 - 16:30,Semi-finals,Rose Bowl,Sweden,0,1,Brazil, ,0,0,3099,SWE,BRA
1994,16 Jul 1994 - 12:30,Match for third place,Rose Bowl,Sweden,4,0,Bulgaria, ,4,0,3103,SWE,BUL
1994,17 Jul 1994 - 12:30,Final,Rose Bowl,Brazil,0,0,Italy,Brazil win on penalties (3 - 2),0,0,3104,BRA,ITA
1998,10 Jun 1998 - 17:30,Group A,Stade de France,Brazil,2,1,Scotland, ,1,1,4000,BRA,SCO
1998,10 Jun 1998 - 21:00,Group A,La Mosson,Morocco,2,2,Norway, ,1,1,8725,MAR,NOR
1998,11 Jun 1998 - 17:30,Group B,Stade du Parc Lescure,Italy,2,2,Chile, ,1,1,8726,ITA,CHI
1998,11 Jun 1998 - 21:00,Group B,Stade Municipal,Cameroon,1,1,Austria, ,0,0,8727,CMR,AUT
1998,12 Jun 1998 - 14:30,Group D,La Mosson,Paraguay,0,0,Bulgaria, ,0,0,8728,PAR,BUL
1998,12 Jun 1998 - 17:30,Group C,Stade Felix Bollaert,Saudi Arabia,0,1,Denmark, ,0,0,8729,KSA,DEN
1998,12 Jun 1998 - 21:00,Group C,Stade V�lodrome,France,3,0,South Africa, ,1,0,8730,FRA,RSA
1998,13 Jun 1998 - 14:30,Group D,La Beaujoire,Spain,2,3,Nigeria, ,1,1,8731,ESP,NGA
1998,13 Jun 1998 - 17:30,Group E,Stade de Gerland,Korea Republic,1,3,Mexico, ,1,0,8732,KOR,MEX
1998,13 Jun 1998 - 21:00,Group E,Stade de France,Netherlands,0,0,Belgium, ,0,0,8733,NED,BEL
1998,14 Jun 1998 - 14:30,Group H,Stade Municipal,Argentina,1,0,Japan, ,1,0,8734,ARG,JPN
1998,14 Jun 1998 - 17:30,Group F,Stade Geoffroy Guichard,Yugoslavia,1,0,Iran, ,0,0,8735,YUG,IRN
1998,14 Jun 1998 - 21:00,Group H,Stade Felix Bollaert,Jamaica,1,3,Croatia, ,1,1,8736,JAM,CRO
1998,15 Jun 1998 - 14:30,Group G,Stade V�lodrome,England,2,0,Tunisia, ,1,0,8740,ENG,TUN
1998,15 Jun 1998 - 17:30,Group G,Stade de Gerland,Romania,1,0,Colombia, ,1,0,8739,ROU,COL
1998,15 Jun 1998 - 21:00,Group F,Parc des Princes,Germany,2,0,USA, ,1,0,8738,GER,USA
1998,16 Jun 1998 - 17:30,Group A,Stade du Parc Lescure,Scotland,1,1,Norway, ,0,0,8741,SCO,NOR
1998,16 Jun 1998 - 21:00,Group A,La Beaujoire,Brazil,3,0,Morocco, ,2,0,8742,BRA,MAR
1998,17 Jun 1998 - 17:30,Group B,Stade Geoffroy Guichard,Chile,1,1,Austria, ,0,0,8743,CHI,AUT
1998,17 Jun 1998 - 21:00,Group B,La Mosson,Italy,3,0,Cameroon, ,1,0,8744,ITA,CMR
1998,18 Jun 1998 - 17:30,Group C,Stade Municipal,South Africa,1,1,Denmark, ,0,1,8746,RSA,DEN
1998,18 Jun 1998 - 21:00,Group C,Stade de France,France,4,0,Saudi Arabia, ,1,0,8745,FRA,KSA
1998,19 Jun 1998 - 17:30,Group D,Parc des Princes,Nigeria,1,0,Bulgaria, ,1,0,8747,NGA,BUL
1998,19 Jun 1998 - 21:00,Group D,Stade Geoffroy Guichard,Spain,0,0,Paraguay, ,0,0,8748,ESP,PAR
1998,20 Jun 1998 - 14:30,Group H,La Beaujoire,Japan,0,1,Croatia, ,0,0,8751,JPN,CRO
1998,20 Jun 1998 - 17:30,Group E,Stade du Parc Lescure,Belgium,2,2,Mexico, ,1,0,8750,BEL,MEX
1998,20 Jun 1998 - 21:00,Group E,Stade V�lodrome,Netherlands,5,0,Korea Republic, ,2,0,8749,NED,KOR
1998,21 Jun 1998 - 14:30,Group F,Stade Felix Bollaert,Germany,2,2,Yugoslavia, ,0,1,8753,GER,YUG
1998,21 Jun 1998 - 17:30,Group H,Parc des Princes,Argentina,5,0,Jamaica, ,1,0,8752,ARG,JAM
1998,21 Jun 1998 - 21:00,Group F,Stade de Gerland,USA,1,2,Iran, ,0,1,8754,USA,IRN
1998,22 Jun 1998 - 17:30,Group G,La Mosson,Colombia,1,0,Tunisia, ,0,0,8755,COL,TUN
1998,22 Jun 1998 - 21:00,Group G,Stade Municipal,Romania,2,1,England, ,0,0,8756,ROU,ENG
1998,23 Jun 1998 - 16:00,Group B,Stade de France,Italy,2,1,Austria, ,0,0,8757,ITA,AUT
1998,23 Jun 1998 - 16:00,Group B,La Beaujoire,Chile,1,1,Cameroon, ,1,0,8760,CHI,CMR
1998,23 Jun 1998 - 21:00,Group A,Stade Geoffroy Guichard,Scotland,0,3,Morocco, ,0,1,8758,SCO,MAR
1998,23 Jun 1998 - 21:00,Group A,Stade V�lodrome,Brazil,1,2,Norway, ,0,0,8759,BRA,NOR
1998,24 Jun 1998 - 16:00,Group C,Stade de Gerland,France,2,1,Denmark, ,1,1,8762,FRA,DEN
1998,24 Jun 1998 - 16:00,Group C,Stade du Parc Lescure,South Africa,2,2,Saudi Arabia, ,1,1,8764,RSA,KSA
1998,24 Jun 1998 - 21:00,Group D,Stade Felix Bollaert,Spain,6,1,Bulgaria, ,2,0,8761,ESP,BUL
1998,24 Jun 1998 - 21:00,Group D,Stade Municipal,Nigeria,1,3,Paraguay, ,1,1,8763,NGA,PAR
1998,25 Jun 1998 - 16:00,Group E,Parc des Princes,Belgium,1,1,Korea Republic, ,1,0,8765,BEL,KOR
1998,25 Jun 1998 - 16:00,Group E,Stade Geoffroy Guichard,Netherlands,2,2,Mexico, ,2,0,8766,NED,MEX
1998,25 Jun 1998 - 21:00,Group F,La Mosson,Germany,2,0,Iran, ,0,0,8767,GER,IRN
1998,25 Jun 1998 - 21:00,Group F,La Beaujoire,USA,0,1,Yugoslavia, ,0,1,8768,USA,YUG
1998,26 Jun 1998 - 16:00,Group H,Stade de Gerland,Japan,1,2,Jamaica, ,0,1,8771,JPN,JAM
1998,26 Jun 1998 - 16:00,Group H,Stade du Parc Lescure,Argentina,1,0,Croatia, ,1,0,8772,ARG,CRO
1998,26 Jun 1998 - 21:00,Group G,Stade de France,Romania,1,1,Tunisia, ,0,1,8769,ROU,TUN
1998,26 Jun 1998 - 21:00,Group G,Stade Felix Bollaert,Colombia,0,2,England, ,0,2,8770,COL,ENG
1998,27 Jun 1998 - 16:30,Round of 16,Stade V�lodrome,Italy,1,0,Norway, ,1,0,8774,ITA,NOR
1998,27 Jun 1998 - 21:00,Round of 16,Parc des Princes,Brazil,4,1,Chile, ,3,0,8773,BRA,CHI
1998,28 Jun 1998 - 16:30,Round of 16,Stade Felix Bollaert,France,1,0,Paraguay,France win after extra time ,0,0,8776,FRA,PAR
1998,28 Jun 1998 - 21:00,Round of 16,Stade de France,Nigeria,1,4,Denmark, ,0,2,8775,NGA,DEN
1998,29 Jun 1998 - 16:30,Round of 16,La Mosson,Germany,2,1,Mexico, ,0,0,8777,GER,MEX
1998,29 Jun 1998 - 21:00,Round of 16,Stade Municipal,Netherlands,2,1,Yugoslavia, ,1,0,8778,NED,YUG
1998,30 Jun 1998 - 16:30,Round of 16,Stade du Parc Lescure,Romania,0,1,Croatia, ,0,1,8780,ROU,CRO
1998,30 Jun 1998 - 21:00,Round of 16,Stade Geoffroy Guichard,Argentina,2,2,England,Argentina win on penalties (4 - 3),0,0,8779,ARG,ENG
1998,03 Jul 1998 - 16:30,Quarter-finals,Stade de France,Italy,0,0,France,France win on penalties (3 - 4),0,0,8781,ITA,FRA
1998,03 Jul 1998 - 21:00,Quarter-finals,La Beaujoire,Brazil,3,2,Denmark, ,2,1,8782,BRA,DEN
1998,04 Jul 1998 - 16:30,Quarter-finals,Stade V�lodrome,Netherlands,2,1,Argentina, ,1,1,8784,NED,ARG
1998,04 Jul 1998 - 21:00,Quarter-finals,Stade de Gerland,Germany,0,3,Croatia, ,0,1,8783,GER,CRO
1998,07 Jul 1998 - 21:00,Semi-finals,Stade V�lodrome,Brazil,1,1,Netherlands,Brazil win on penalties (4 - 2),0,0,8785,BRA,NED
1998,08 Jul 1998 - 21:00,Semi-finals,Stade de France,France,2,1,Croatia, ,0,0,8786,FRA,CRO
1998,11 Jul 1998 - 21:00,Match for third place,Parc des Princes,Netherlands,1,2,Croatia, ,1,2,8787,NED,CRO
1998,12 Jul 1998 - 21:00,Final,Stade de France,Brazil,0,3,France, ,0,2,8788,BRA,FRA
2002,31 May 2002 - 20:30,Group A,Seoul World Cup Stadium,France,0,1,Senegal, ,0,1,43950001,FRA,SEN
2002,01 Jun 2002 - 18:00,Group A,Munsu Football Stadium,Uruguay,1,2,Denmark, ,0,1,43950003,URU,DEN
2002,01 Jun 2002 - 15:30,Group E,Niigata Stadium Big Swan,"rn"">Republic of Ireland",1,1,Cameroon, ,0,1,43950002,IRL,CMR
2002,01 Jun 2002 - 20:30,Group E,Sapporo Dome,Germany,8,0,Saudi Arabia, ,4,0,43950004,GER,KSA
2002,02 Jun 2002 - 14:30,Group F,Kashima Stadium,Argentina,1,0,Nigeria, ,0,0,43950007,ARG,NGA
2002,02 Jun 2002 - 16:30,Group B,Busan Asiad Main Stadium,Paraguay,2,2,South Africa, ,1,0,43950006,PAR,RSA
2002,02 Jun 2002 - 18:30,Group F,Saitama Stadium 2002,England,1,1,Sweden, ,1,0,43950005,ENG,SWE
2002,02 Jun 2002 - 20:30,Group B,Gwangju World Cup Stadium,Spain,3,1,Slovenia, ,1,0,43950008,ESP,SVN
2002,03 June 2002 - 18:00,Group C,Munsu Football Stadium,Brazil,2,1,Turkey, ,0,1,43950010,BRA,TUR
2002,03 Jun 2002 - 20:30,Group G,Sapporo Dome,Italy,2,0,Ecuador, ,2,0,43950011,ITA,ECU
2002,03 Jun 2002 - 15:30,Group G,Niigata Stadium Big Swan,Croatia,0,1,Mexico, ,0,0,43950009,CRO,MEX
2002,04 June 2002 - 15:30,Group C,Gwangju World Cup Stadium,China PR,0,2,Costa Rica, ,0,0,43950012,CHN,CRC
2002,04 June 2002 - 18:00,Group H,Saitama Stadium 2002,Japan,2,2,Belgium, ,0,0,43950013,JPN,BEL
2002,04 Jun 2002 - 20:30,Group D,Busan Asiad Main Stadium,Korea Republic,2,0,Poland, ,1,0,43950014,KOR,POL
2002,05 Jun 2002 - 15:30,Group H,Kobe Wing Stadium,Russia,2,0,Tunisia, ,0,0,43950015,RUS,TUN
2002,05 Jun 2002 - 18:00,Group D,Suwon World Cup Stadium,USA,3,2,Portugal, ,3,1,43950016,USA,POR
2002,05 Jun 2002 - 20:30,Group E,Kashima Stadium,Germany,1,1,"rn"">Republic of Ireland", ,1,0,43950017,GER,IRL
2002,06 Jun 2002 - 15:30,Group A,Daegu World Cup Stadium,Denmark,1,1,Senegal, ,1,0,43950020,DEN,SEN
2002,06 Jun 2002 - 18:00,Group E,Saitama Stadium 2002,Cameroon,1,0,Saudi Arabia, ,0,0,43950019,CMR,KSA
2002,06 Jun 2002 - 20:30,Group A,Busan Asiad Main Stadium,France,0,0,Uruguay, ,0,0,43950018,FRA,URU
2002,07 Jun 2002 - 15:30,Group F,Kobe Wing Stadium,Sweden,2,1,Nigeria, ,1,1,43950021,SWE,NGA
2002,07 Jun 2002 - 20:30,Group F,Sapporo Dome,Argentina,0,1,England, ,0,1,43950023,ARG,ENG
2002,07 June 2002 - 18:00,Group B,Jeonju World Cup Stadium,Spain,3,1,Paraguay, ,0,1,43950022,ESP,PAR
2002,08 Jun 2002 - 15:30,Group B,Daegu World Cup Stadium,South Africa,1,0,Slovenia, ,1,0,43950024,RSA,SVN
2002,08 Jun 2002 - 20:30,Group C,Jeju World Cup Stadium,Brazil,4,0,China PR, ,3,0,43950026,BRA,CHN
2002,08 June 2002 - 18:00,Group G,Kashima Stadium,Italy,1,2,Croatia, ,0,0,43950025,ITA,CRO
2002,09 Jun 2002 - 18:00,Group C,Incheon Football Stadium,Costa Rica,1,1,Turkey, ,0,0,43950028,CRC,TUR
2002,09 Jun 2002 - 20:30,Group H,International Stadium Yokohama,Japan,1,0,Russia, ,0,0,43950029,JPN,RUS
2002,09 Jun 2002 - 15:30,Group G,Miyagi Stadium,Mexico,2,1,Ecuador, ,1,1,43950027,MEX,ECU
2002,10 Jun 2002 - 15:30,Group D,Daegu World Cup Stadium,Korea Republic,1,1,USA, ,0,1,43950030,KOR,USA
2002,10 Jun 2002 - 20:30,Group D,Jeonju World Cup Stadium,Portugal,4,0,Poland, ,1,0,43950032,POR,POL
2002,10 Jun 2002 - 18:00,Group H,Oita Stadium Big Eye,Tunisia,1,1,Belgium, ,1,1,43950031,TUN,BEL
2002,11 Jun 2002 - 15:30,Group A,Incheon Football Stadium,Denmark,2,0,France, ,1,0,43950033,DEN,FRA
2002,11 June 2002 - 15:30,Group A,Suwon World Cup Stadium,Senegal,3,3,Uruguay, ,3,0,43950034,SEN,URU
2002,11 Jun 2002 - 20:30,Group E,International Stadium Yokohama,Saudi Arabia,0,3,"rn"">Republic of Ireland", ,0,1,43950036,KSA,IRL
2002,11 Jun 2002 - 20:30,Group E,Shizuoka Stadium Ecopa,Cameroon,0,2,Germany, ,0,0,43950035,CMR,GER
2002,12 Jun 2002 - 15:30,Group F,Miyagi Stadium,Sweden,1,1,Argentina, ,0,0,43950037,SWE,ARG
2002,12 Jun 2002 - 15:30,Group F,Osaka Nagai Stadium,Nigeria,0,0,England, ,0,0,43950038,NGA,ENG
2002,12 Jun 2002 - 20:30,Group B,Jeju World Cup Stadium,Slovenia,1,3,Paraguay, ,1,0,43950040,SVN,PAR
2002,12 Jun 2002 - 20:30,Group B,Daejeon World Cup Stadium,South Africa,2,3,Spain, ,1,2,43950039,RSA,ESP
2002,13 Jun 2002 - 15:30,Group C,Suwon World Cup Stadium,Costa Rica,2,5,Brazil, ,1,3,43950041,CRC,BRA
2002,13 Jun 2002 - 15:30,Group C,Seoul World Cup Stadium,Turkey,3,0,China PR, ,2,0,43950042,TUR,CHN
2002,13 Jun 2002 - 20:30,Group G,International Stadium Yokohama,Ecuador,1,0,Croatia, ,0,0,43950044,ECU,CRO
2002,13 Jun 2002 - 20:30,Group G,Oita Stadium Big Eye,Mexico,1,1,Italy, ,1,0,43950043,MEX,ITA
2002,14 Jun 2002 - 15:30,Group H,Osaka Nagai Stadium,Tunisia,0,2,Japan, ,0,0,43950045,TUN,JPN
2002,14 Jun 2002 - 20:30,Group D,Incheon Football Stadium,Portugal,0,1,Korea Republic, ,0,0,43950047,POR,KOR
2002,14 Jun 2002 - 20:30,Group D,Daejeon World Cup Stadium,Poland,3,1,USA, ,2,0,43950048,POL,USA
2002,14 Jun 2002 - 15:30,Group H,Shizuoka Stadium Ecopa,Belgium,3,2,Russia, ,1,0,43950046,BEL,RUS
2002,15 Jun 2002 - 20:30,Round of 16,Niigata Stadium Big Swan,Denmark,0,3,England, ,0,3,43950050,DEN,ENG
2002,15 Jun 2002 - 15:30,Round of 16,Jeju World Cup Stadium,Germany,1,0,Paraguay, ,0,0,43950049,GER,PAR
2002,16 Jun 2002 - 20:30,Round of 16,Suwon World Cup Stadium,Spain,1,1,"rn"">Republic of Ireland",Spain win on penalties (3 - 2),0,0,43950052,ESP,IRL
2002,16 Jun 2002 - 15:30,Round of 16,Oita Stadium Big Eye,Sweden,1,2,Senegal,Win on Golden Goal ,0,0,43950051,SWE,SEN
2002,17 Jun 2002 - 20:30,Round of 16,Kobe Wing Stadium,Brazil,2,0,Belgium, ,0,0,43950054,BRA,BEL
2002,17 June 2002 - 15:30,Round of 16,Jeonju World Cup Stadium,Mexico,0,2,USA, ,0,1,43950053,MEX,USA
2002,18 Jun 2002 - 15:30,Round of 16,Miyagi Stadium,Japan,0,1,Turkey, ,0,1,43950055,JPN,TUR
2002,18 Jun 2002 - 20:30,Round of 16,Daejeon World Cup Stadium,Korea Republic,2,1,Italy,Win on Golden Goal ,0,0,43950056,KOR,ITA
2002,21 Jun 2002 - 15:30,Quarter-finals,Shizuoka Stadium Ecopa,England,1,2,Brazil, ,1,1,43950057,ENG,BRA
2002,21 Jun 2002 - 20:30,Quarter-finals,Munsu Football Stadium,Germany,1,0,USA, ,1,0,43950058,GER,USA
2002,22 Jun 2002 - 20:30,Quarter-finals,Osaka Nagai Stadium,Senegal,0,1,Turkey,Win on Golden Goal ,0,0,43950060,SEN,TUR
2002,22 Jun 2002 - 15:30,Quarter-finals,Gwangju World Cup Stadium,Spain,0,0,Korea Republic,Korea Republic win on penalties (3 - 5),0,0,43950059,ESP,KOR
2002,25 Jun 2002 - 20:30,Semi-finals,Seoul World Cup Stadium,Germany,1,0,Korea Republic, ,0,0,43950061,GER,KOR
2002,26 Jun 2002 - 20:30,Semi-finals,Saitama Stadium 2002,Brazil,1,0,Turkey, ,0,0,43950062,BRA,TUR
2002,29 Jun 2002 - 20:00,Third place,Daegu World Cup Stadium,Korea Republic,2,3,Turkey, ,1,3,43950063,KOR,TUR
2002,30 Jun 2002 - 20:00,Final,International Stadium Yokohama,Germany,0,2,Brazil, ,0,0,43950064,GER,BRA
2006,09 Jun 2006 - 18:00,Group A,"FIFA World Cup Stadium, Munich",Germany,4,2,Costa Rica, ,2,1,97410001,GER,CRC
2006,09 Jun 2006 - 21:00,Group A,"FIFA World Cup Stadium, Gelsenkirchen",Poland,0,2,Ecuador, ,0,1,97410002,POL,ECU
2006,10 Jun 2006 - 15:00,Group B,"FIFA World Cup Stadium, Frankfurt",England,1,0,Paraguay, ,1,0,97410003,ENG,PAR
2006,10 Jun 2006 - 18:00,Group B,"FIFA World Cup Stadium, Dortmund","rn"">Trinidad and Tobago",0,0,Sweden, ,0,0,97410004,TRI,SWE
2006,10 Jun 2006 - 21:00,Group C,"FIFA World Cup Stadium, Hamburg",Argentina,2,1,C�te d'Ivoire, ,2,0,97410005,ARG,CIV
2006,11 Jun 2006 - 15:00,Group C,Zentralstadion,"rn"">Serbia and Montenegro",0,1,Netherlands, ,0,1,97410006,SCG,NED
2006,11 Jun 2006 - 18:00,Group D,Franken-Stadion,Mexico,3,1,Iran, ,1,1,97410007,MEX,IRN
2006,11 Jun 2006 - 21:00,Group D,"FIFA World Cup Stadium, Cologne",Angola,0,1,Portugal, ,0,1,97410008,ANG,POR
2006,12 Jun 2006 - 15:00,Group F,Fritz-Walter-Stadion,Australia,3,1,Japan, ,0,1,97410012,AUS,JPN
2006,12 Jun 2006 - 18:00,Group E,"FIFA World Cup Stadium, Gelsenkirchen",USA,0,3,Czech Republic, ,0,2,97410010,USA,CZE
2006,12 Jun 2006 - 21:00,Group E,"FIFA World Cup Stadium, Hanover",Italy,2,0,Ghana, ,1,0,97410009,ITA,GHA
2006,13 Jun 2006 - 15:00,Group G,"FIFA World Cup Stadium, Frankfurt",Korea Republic,2,1,Togo, ,0,1,97410014,KOR,TOG
2006,13 Jun 2006 - 18:00,Group G,Gottlieb-Daimler-Stadion,France,0,0,Switzerland, ,0,0,97410013,FRA,SUI
2006,13 Jun 2006 - 21:00,Group F,Olympiastadion,Brazil,1,0,Croatia, ,1,0,97410011,BRA,CRO
2006,14 Jun 2006 - 15:00,Group H,Zentralstadion,Spain,4,0,Ukraine, ,2,0,97410015,ESP,UKR
2006,14 Jun 2006 - 18:00,Group H,"FIFA World Cup Stadium, Munich",Tunisia,2,2,Saudi Arabia, ,1,0,97410016,TUN,KSA
2006,14 Jun 2006 - 21:00,Group A,"FIFA World Cup Stadium, Dortmund",Germany,1,0,Poland, ,0,0,97410017,GER,POL
2006,15 Jun 2006 - 15:00,Group A,"FIFA World Cup Stadium, Hamburg",Ecuador,3,0,Costa Rica, ,1,0,97410018,ECU,CRC
2006,15 Jun 2006 - 18:00,Group B,Franken-Stadion,England,2,0,"rn"">Trinidad and Tobago", ,0,0,97410019,ENG,TRI
2006,15 Jun 2006 - 21:00,Group B,Olympiastadion,Sweden,1,0,Paraguay, ,0,0,97410020,SWE,PAR
2006,16 Jun 2006 - 15:00,Group C,"FIFA World Cup Stadium, Gelsenkirchen",Argentina,6,0,"rn"">Serbia and Montenegro", ,3,0,97410021,ARG,SCG
2006,16 Jun 2006 - 18:00,Group C,Gottlieb-Daimler-Stadion,Netherlands,2,1,C�te d'Ivoire, ,2,1,97410022,NED,CIV
2006,16 Jun 2006 - 21:00,Group D,"FIFA World Cup Stadium, Hanover",Mexico,0,0,Angola, ,0,0,97410023,MEX,ANG
2006,17 Jun 2006 - 15:00,Group D,"FIFA World Cup Stadium, Frankfurt",Portugal,2,0,IR Iran, ,0,0,97410024,POR,IRN
2006,17 Jun 2006 - 18:00,Group E,"FIFA World Cup Stadium, Cologne",Czech Republic,0,2,Ghana, ,0,1,97410026,CZE,GHA
2006,17 Jun 2006 - 21:00,Group E,Fritz-Walter-Stadion,Italy,1,1,USA, ,1,1,97410025,ITA,USA
2006,18 Jun 2006 - 15:00,Group F,Franken-Stadion,Japan,0,0,Croatia, ,0,0,97410028,JPN,CRO
2006,18 Jun 2006 - 18:00,Group F,"FIFA World Cup Stadium, Munich",Brazil,2,0,Australia, ,0,0,97410027,BRA,AUS
2006,18 Jun 2006 - 21:00,Group G,Zentralstadion,France,1,1,Korea Republic, ,1,0,97410029,FRA,KOR
2006,19 Jun 2006 - 15:00,Group G,"FIFA World Cup Stadium, Dortmund",Togo,0,2,Switzerland, ,0,1,97410030,TOG,SUI
2006,19 Jun 2006 - 18:00,Group H,"FIFA World Cup Stadium, Hamburg",Saudi Arabia,0,4,Ukraine, ,0,2,97410032,KSA,UKR
2006,19 Jun 2006 - 21:00,Group H,Gottlieb-Daimler-Stadion,Spain,3,1,Tunisia, ,0,1,97410031,ESP,TUN
2006,20 Jun 2006 - 16:00,Group A,Olympiastadion,Ecuador,0,3,Germany, ,0,2,97410033,ECU,GER
2006,20 Jun 2006 - 16:00,Group A,"FIFA World Cup Stadium, Hanover",Costa Rica,1,2,Poland, ,1,1,97410034,CRC,POL
2006,20 Jun 2006 - 21:00,Group B,"FIFA World Cup Stadium, Cologne",Sweden,2,2,England, ,0,1,97410035,SWE,ENG
2006,20 Jun 2006 - 21:00,Group B,Fritz-Walter-Stadion,Paraguay,2,0,"rn"">Trinidad and Tobago", ,1,0,97410036,PAR,TRI
2006,21 Jun 2006 - 16:00,Group D,Zentralstadion,Iran,1,1,Angola, ,0,0,97410040,IRN,ANG
2006,21 Jun 2006 - 16:00,Group D,"FIFA World Cup Stadium, Gelsenkirchen",Portugal,2,1,Mexico, ,2,1,97410039,POR,MEX
2006,21 Jun 2006 - 21:00,Group C,"FIFA World Cup Stadium, Frankfurt",Netherlands,0,0,Argentina, ,0,0,97410037,NED,ARG
2006,21 Jun 2006 - 21:00,Group C,"FIFA World Cup Stadium, Munich",C�te d'Ivoire,3,2,"rn"">Serbia and Montenegro", ,1,2,97410038,CIV,SCG
2006,22 Jun 2006 - 16:00,Group E,"FIFA World Cup Stadium, Hamburg",Czech Republic,0,2,Italy, ,0,1,97410041,CZE,ITA
2006,22 Jun 2006 - 16:00,Group E,Franken-Stadion,Ghana,2,1,USA, ,2,1,97410042,GHA,USA
2006,22 Jun 2006 - 21:00,Group F,"FIFA World Cup Stadium, Dortmund",Japan,1,4,Brazil, ,1,1,97410043,JPN,BRA
2006,22 Jun 2006 - 21:00,Group F,Gottlieb-Daimler-Stadion,Croatia,2,2,Australia, ,1,1,97410044,CRO,AUS
2006,23 Jun 2006 - 16:00,Group H,Olympiastadion,Ukraine,1,0,Tunisia, ,0,0,97410048,UKR,TUN
2006,23 Jun 2006 - 16:00,Group H,Fritz-Walter-Stadion,Saudi Arabia,0,1,Spain, ,0,1,97410047,KSA,ESP
2006,23 Jun 2006 - 21:00,Group G,"FIFA World Cup Stadium, Cologne",Togo,0,2,France, ,0,0,97410045,TOG,FRA
2006,23 Jun 2006 - 21:00,Group G,"FIFA World Cup Stadium, Hanover",Switzerland,2,0,Korea Republic, ,1,0,97410046,SUI,KOR
2006,24 Jun 2006 - 17:00,Round of 16,"FIFA World Cup Stadium, Munich",Germany,2,0,Sweden, ,2,0,97410049,GER,SWE
2006,24 Jun 2006 - 21:00,Round of 16,Zentralstadion,Argentina,2,1,Mexico,Argentina win after extra time ,0,0,97410050,ARG,MEX
2006,25 Jun 2006 - 17:00,Round of 16,Gottlieb-Daimler-Stadion,England,1,0,Ecuador, ,0,0,97410051,ENG,ECU
2006,25 Jun 2006 - 21:00,Round of 16,Franken-Stadion,Portugal,1,0,Netherlands, ,1,0,97410052,POR,NED
2006,26 Jun 2006 - 17:00,Round of 16,Fritz-Walter-Stadion,Italy,1,0,Australia, ,0,0,97410053,ITA,AUS
2006,26 Jun 2006 - 21:00,Round of 16,"FIFA World Cup Stadium, Cologne",Switzerland,0,0,Ukraine,Ukraine win on penalties (0 - 3),0,0,97410054,SUI,UKR
2006,27 Jun 2006 - 17:00,Round of 16,"FIFA World Cup Stadium, Dortmund",Brazil,3,0,Ghana, ,2,0,97410055,BRA,GHA
2006,27 Jun 2006 - 21:00,Round of 16,"FIFA World Cup Stadium, Hanover",Spain,1,3,France, ,1,1,97410056,ESP,FRA
2006,30 Jun 2006 - 17:00,Quarter-finals,Olympiastadion,Germany,1,1,Argentina,Germany win on penalties (4 - 2),0,0,97410057,GER,ARG
2006,30 Jun 2006 - 21:00,Quarter-finals,"FIFA World Cup Stadium, Hamburg",Italy,3,0,Ukraine, ,1,0,97410058,ITA,UKR
2006,01 Jul 2006 - 17:00,Quarter-finals,"FIFA World Cup Stadium, Gelsenkirchen",England,0,0,Portugal,Portugal win on penalties (1 - 3),0,0,97410059,ENG,POR
2006,01 Jul 2006 - 21:00,Quarter-finals,"FIFA World Cup Stadium, Frankfurt",Brazil,0,1,France, ,0,0,97410060,BRA,FRA
2006,04 Jul 2006 - 21:00,Semi-finals,"FIFA World Cup Stadium, Dortmund",Germany,0,2,Italy,Italy win after extra time ,0,0,97410061,GER,ITA
2006,05 Jul 2006 - 21:00,Semi-finals,"FIFA World Cup Stadium, Munich",Portugal,0,1,France, ,0,1,97410062,POR,FRA
2006,08 Jul 2006 - 21:00,Third place,Gottlieb-Daimler-Stadion,Germany,3,1,Portugal, ,0,0,97410063,GER,POR
2006,09 Jul 2006 - 20:00,Final,Olympiastadion,Italy,1,1,France,Italy win on penalties (5 - 3),0,0,97410064,ITA,FRA
2010,11 Jun 2010 - 16:00,Group A,Soccer City Stadium,South Africa,1,1,Mexico, ,0,0,300061454,RSA,MEX
2010,11 Jun 2010 - 20:30,Group A,Cape Town Stadium,Uruguay,0,0,France, ,0,0,300061453,URU,FRA
2010,12 Jun 2010 - 13:30,Group B,Port Elizabeth Stadium,Korea Republic,2,0,Greece, ,1,0,300061459,KOR,GRE
2010,12 Jun 2010 - 16:00,Group B,Ellis Park Stadium,Argentina,1,0,Nigeria, ,1,0,300061460,ARG,NGA
2010,12 Jun 2010 - 20:30,Group C,Royal Bafokeng Sports Palace,England,1,1,USA, ,1,1,300061466,ENG,USA
2010,13 Jun 2010 - 13:30,Group C,Peter Mokaba Stadium,Algeria,0,1,Slovenia, ,0,0,300061465,ALG,SVN
2010,13 Jun 2010 - 16:00,Group D,Loftus Versfeld Stadium,Serbia,0,1,Ghana, ,0,0,300061471,SRB,GHA
2010,13 Jun 2010 - 20:30,Group D,Durban Stadium,Germany,4,0,Australia, ,2,0,300111116,GER,AUS
2010,14 Jun 2010 - 13:30,Group E,Soccer City Stadium,Netherlands,2,0,Denmark, ,0,0,300061478,NED,DEN
2010,14 Jun 2010 - 16:00,Group E,Free State Stadium,Japan,1,0,Cameroon, ,1,0,300061477,JPN,CMR
2010,14 Jun 2010 - 20:30,Group F,Cape Town Stadium,Italy,1,1,Paraguay, ,0,1,300061484,ITA,PAR
2010,15 Jun 2010 - 13:30,Group F,Royal Bafokeng Sports Palace,New Zealand,1,1,Slovakia, ,0,0,300061483,NZL,SVK
2010,15 Jun 2010 - 16:00,Group G,Port Elizabeth Stadium,C�te d'Ivoire,0,0,Portugal, ,0,0,300061489,CIV,POR
2010,15 Jun 2010 - 20:30,Group G,Ellis Park Stadium,Brazil,2,1,Korea DPR, ,0,0,300061490,BRA,PRK
2010,16 Jun 2010 - 13:30,Group H,Mbombela Stadium,Honduras,0,1,Chile, ,0,1,300061495,HON,CHI
2010,16 Jun 2010 - 16:00,Group H,Durban Stadium,Spain,0,1,Switzerland, ,0,0,300111112,ESP,SUI
2010,16 Jun 2010 - 20:30,Group A,Loftus Versfeld Stadium,South Africa,0,3,Uruguay, ,0,1,300061452,RSA,URU
2010,17 Jun 2010 - 13:30,Group B,Soccer City Stadium,Argentina,4,1,Korea Republic, ,2,1,300061458,ARG,KOR
2010,17 Jun 2010 - 16:00,Group B,Free State Stadium,Greece,2,1,Nigeria, ,1,1,300061457,GRE,NGA
2010,17 Jun 2010 - 20:30,Group A,Peter Mokaba Stadium,France,0,2,Mexico, ,0,0,300061451,FRA,MEX
2010,18 Jun 2010 - 13:30,Group D,Port Elizabeth Stadium,Germany,0,1,Serbia, ,0,1,300061470,GER,SRB
2010,18 Jun 2010 - 16:00,Group C,Ellis Park Stadium,Slovenia,2,2,USA, ,2,0,300061463,SVN,USA
2010,18 Jun 2010 - 20:30,Group C,Cape Town Stadium,England,0,0,Algeria, ,0,0,300061464,ENG,ALG
2010,19 Jun 2010 - 13:30,Group E,Durban Stadium,Netherlands,1,0,Japan, ,0,0,300111117,NED,JPN
2010,19 Jun 2010 - 16:00,Group D,Royal Bafokeng Sports Palace,Ghana,1,1,Australia, ,1,1,300061469,GHA,AUS
2010,19 Jun 2010 - 20:30,Group E,Loftus Versfeld Stadium,Cameroon,1,2,Denmark, ,1,1,300061475,CMR,DEN
2010,20 Jun 2010 - 13:30,Group F,Free State Stadium,Slovakia,0,2,Paraguay, ,0,1,300061481,SVK,PAR
2010,20 Jun 2010 - 16:00,Group F,Mbombela Stadium,Italy,1,1,New Zealand, ,1,1,300061482,ITA,NZL
2010,20 Jun 2010 - 20:30,Group G,Soccer City Stadium,Brazil,3,1,C�te d'Ivoire, ,1,0,300061488,BRA,CIV
2010,21 Jun 2010 - 13:30,Group G,Cape Town Stadium,Portugal,7,0,Korea DPR, ,1,0,300061487,POR,PRK
2010,21 Jun 2010 - 16:00,Group H,Port Elizabeth Stadium,Chile,1,0,Switzerland, ,0,0,300061493,CHI,SUI
2010,21 Jun 2010 - 20:30,Group H,Ellis Park Stadium,Spain,2,0,Honduras, ,1,0,300061494,ESP,HON
2010,22 Jun 2010 - 16:00,Group A,Royal Bafokeng Sports Palace,Mexico,0,1,Uruguay, ,0,1,300061450,MEX,URU
2010,22 Jun 2010 - 16:00,Group A,Free State Stadium,France,1,2,South Africa, ,0,2,300061449,FRA,RSA
2010,22 Jun 2010 - 20:30,Group B,Durban Stadium,Nigeria,2,2,Korea Republic, ,1,1,300111115,NGA,KOR
2010,22 Jun 2010 - 20:30,Group B,Peter Mokaba Stadium,Greece,0,2,Argentina, ,0,0,300061455,GRE,ARG
2010,23 Jun 2010 - 16:00,Group C,Port Elizabeth Stadium,Slovenia,0,1,England, ,0,1,300061462,SVN,ENG
2010,23 Jun 2010 - 16:00,Group C,Loftus Versfeld Stadium,USA,1,0,Algeria, ,0,0,300061461,USA,ALG
2010,23 Jun 2010 - 20:30,Group D,Soccer City Stadium,Ghana,0,1,Germany, ,0,0,300061468,GHA,GER
2010,23 Jun 2010 - 20:30,Group D,Mbombela Stadium,Australia,2,1,Serbia, ,0,0,300061467,AUS,SRB
2010,24 Jun 2010 - 16:00,Group F,Ellis Park Stadium,Slovakia,3,2,Italy, ,1,0,300061480,SVK,ITA
2010,24 Jun 2010 - 16:00,Group F,Peter Mokaba Stadium,Paraguay,0,0,New Zealand, ,0,0,300061479,PAR,NZL
2010,24 Jun 2010 - 20:30,Group E,Royal Bafokeng Sports Palace,Denmark,1,3,Japan, ,0,2,300061474,DEN,JPN
2010,24 Jun 2010 - 20:30,Group E,Cape Town Stadium,Cameroon,1,2,Netherlands, ,0,1,300061473,CMR,NED
2010,25 Jun 2010 - 16:00,Group G,Durban Stadium,Portugal,0,0,Brazil, ,0,0,300111111,POR,BRA
2010,25 Jun 2010 - 16:00,Group G,Mbombela Stadium,Korea DPR,0,3,C�te d'Ivoire, ,0,2,300061486,PRK,CIV
2010,25 Jun 2010 - 20:30,Group H,Loftus Versfeld Stadium,Chile,1,2,Spain, ,0,2,300061491,CHI,ESP
2010,25 Jun 2010 - 20:30,Group H,Free State Stadium,Switzerland,0,0,Honduras, ,0,0,300061492,SUI,HON
2010,26 Jun 2010 - 16:00,Round of 16,Port Elizabeth Stadium,Uruguay,2,1,Korea Republic, ,1,0,300061504,URU,KOR
2010,26 Jun 2010 - 20:30,Round of 16,Royal Bafokeng Sports Palace,USA,1,2,Ghana,Ghana win after extra time ,0,0,300061503,USA,GHA
2010,27 Jun 2010 - 16:00,Round of 16,Free State Stadium,Germany,4,1,England, ,2,1,300061501,GER,ENG
2010,27 Jun 2010 - 20:30,Round of 16,Soccer City Stadium,Argentina,3,1,Mexico, ,2,0,300061502,ARG,MEX
2010,28 Jun 2010 - 16:00,Round of 16,Durban Stadium,Netherlands,2,1,Slovakia, ,1,0,300111113,NED,SVK
2010,28 Jun 2010 - 20:30,Round of 16,Ellis Park Stadium,Brazil,3,0,Chile, ,2,0,300061500,BRA,CHI
2010,29 Jun 2010 - 16:00,Round of 16,Loftus Versfeld Stadium,Paraguay,0,0,Japan,Paraguay win on penalties (5 - 3),0,0,300061497,PAR,JPN
2010,29 Jun 2010 - 20:30,Round of 16,Cape Town Stadium,Spain,1,0,Portugal, ,0,0,300061498,ESP,POR
2010,02 Jul 2010 - 16:00,Quarter-finals,Port Elizabeth Stadium,Netherlands,2,1,Brazil, ,0,1,300061507,NED,BRA
2010,02 Jul 2010 - 20:30,Quarter-finals,Soccer City Stadium,Uruguay,1,1,Ghana,Uruguay win on penalties (4 - 2),0,0,300061508,URU,GHA
2010,03 Jul 2010 - 16:00,Quarter-finals,Cape Town Stadium,Argentina,0,4,Germany, ,0,1,300061505,ARG,GER
2010,03 Jul 2010 - 20:30,Quarter-finals,Ellis Park Stadium,Paraguay,0,1,Spain, ,0,0,300061506,PAR,ESP
2010,06 Jul 2010 - 20:30,Semi-finals,Cape Town Stadium,Uruguay,2,3,Netherlands, ,1,1,300061512,URU,NED
2010,07 Jul 2010 - 20:30,Semi-finals,Durban Stadium,Germany,0,1,Spain, ,0,0,300111114,GER,ESP
2010,10 Jul 2010 - 20:30,Match for third place,Port Elizabeth Stadium,Uruguay,2,3,Germany, ,1,1,300061510,URU,GER
2010,11 Jul 2010 - 20:30,Final,Soccer City Stadium,Netherlands,0,1,Spain,Spain win after extra time ,0,0,300061509,NED,ESP
2014,12 Jun 2014 - 17:00,Group A,Arena de Sao Paulo,Brazil,3,1,Croatia, ,1,1,300186456,BRA,CRO
2014,13 Jun 2014 - 13:00,Group A,Estadio das Dunas,Mexico,1,0,Cameroon, ,0,0,300186492,MEX,CMR
2014,13 Jun 2014 - 16:00,Group B,Arena Fonte Nova,Spain,1,5,Netherlands, ,1,1,300186510,ESP,NED
2014,13 Jun 2014 - 18:00,Group B,Arena Pantanal,Chile,3,1,Australia, ,2,1,300186473,CHI,AUS
2014,14 Jun 2014 - 13:00,Group C,Estadio Mineirao,Colombia,3,0,Greece, ,1,0,300186471,COL,GRE
2014,14 Jun 2014 - 16:00,Group D,Estadio Castelao,Uruguay,1,3,Costa Rica, ,1,0,300186489,URU,CRC
2014,14 Jun 2014 - 18:00,Group D,Arena Amazonia,England,1,2,Italy, ,1,1,300186513,ENG,ITA
2014,14 Jun 2014 - 22:00,Group C,Arena Pernambuco,C�te d'Ivoire,2,1,Japan, ,0,1,300186507,CIV,JPN
2014,15 Jun 2014 - 13:00,Group E,Estadio Nacional,Switzerland,2,1,Ecuador, ,0,1,300186494,SUI,ECU
2014,15 Jun 2014 - 16:00,Group E,Estadio Beira-Rio,France,3,0,Honduras, ,1,0,300186496,FRA,HON
2014,15 Jun 2014 - 19:00,Group F,Estadio do Maracana,Argentina,2,1,"rn"">Bosnia and Herzegovina", ,1,0,300186477,ARG,BIH
2014,16 Jun 2014 - 13:00,Group G,Arena Fonte Nova,Germany,4,0,Portugal, ,3,0,300186475,GER,POR
2014,16 Jun 2014 - 16:00,Group F,Arena da Baixada,IR Iran,0,0,Nigeria, ,0,0,300186505,IRN,NGA
2014,16 Jun 2014 - 19:00,Group G,Estadio das Dunas,Ghana,1,2,USA, ,0,1,300186512,GHA,USA
2014,17 Jun 2014 - 13:00,Group H,Estadio Mineirao,Belgium,2,1,Algeria, ,0,1,300186479,BEL,ALG
2014,17 Jun 2014 - 16:00,Group A,Estadio Castelao,Brazil,0,0,Mexico, ,0,0,300186509,BRA,MEX
2014,17 Jun 2014 - 18:00,Group H,Arena Pantanal,Russia,1,1,Korea Republic, ,0,0,300186499,RUS,KOR
2014,18 Jun 2014 - 13:00,Group B,Estadio Beira-Rio,Australia,2,3,Netherlands, ,1,1,300186478,AUS,NED
2014,18 Jun 2014 - 16:00,Group B,Estadio do Maracana,Spain,0,2,Chile, ,0,2,300186498,ESP,CHI
2014,18 Jun 2014 - 18:00,Group A,Arena Amazonia,Cameroon,0,4,Croatia, ,0,1,300186453,CMR,CRO
2014,19 Jun 2014 - 13:00,Group C,Estadio Nacional,Colombia,2,1,C�te d'Ivoire, ,0,0,300186468,COL,CIV
2014,19 Jun 2014 - 16:00,Group D,Arena de Sao Paulo,Uruguay,2,1,England, ,1,0,300186486,URU,ENG
2014,19 Jun 2014 - 19:00,Group C,Estadio das Dunas,Japan,0,0,Greece, ,0,0,300186454,JPN,GRE
2014,20 Jun 2014 - 13:00,Group D,Arena Pernambuco,Italy,0,1,Costa Rica, ,0,1,300186500,ITA,CRC
2014,20 Jun 2014 - 16:00,Group E,Arena Fonte Nova,Switzerland,2,5,France, ,0,3,300186514,SUI,FRA
2014,20 Jun 2014 - 19:00,Group E,Arena da Baixada,Honduras,1,2,Ecuador, ,1,1,300186463,HON,ECU
2014,21 Jun 2014 - 13:00,Group F,Estadio Mineirao,Argentina,1,0,IR Iran, ,0,0,300186466,ARG,IRN
2014,21 Jun 2014 - 16:00,Group G,Estadio Castelao,Germany,2,2,Ghana, ,0,0,300186493,GER,GHA
2014,21 Jun 2014 - 18:00,Group F,Arena Pantanal,Nigeria,1,0,"rn"">Bosnia and Herzegovina", ,1,0,300186511,NGA,BIH
2014,22 Jun 2014 - 13:00,Group H,Estadio do Maracana,Belgium,1,0,Russia, ,0,0,300186481,BEL,RUS
2014,22 Jun 2014 - 16:00,Group H,Estadio Beira-Rio,Korea Republic,2,4,Algeria, ,0,3,300186495,KOR,ALG
2014,22 Jun 2014 - 18:00,Group G,Arena Amazonia,USA,2,2,Portugal, ,0,1,300186483,USA,POR
2014,23 Jun 2014 - 13:00,Group B,Arena da Baixada,Australia,0,3,Spain, ,0,1,300186467,AUS,ESP
2014,23 Jun 2014 - 13:00,Group B,Arena de Sao Paulo,Netherlands,2,0,Chile, ,0,0,300186470,NED,CHI
2014,23 Jun 2014 - 17:00,Group A,Estadio Nacional,Cameroon,1,4,Brazil, ,1,2,300186472,CMR,BRA
2014,23 Jun 2014 - 17:00,Group A,Arena Pernambuco,Croatia,1,3,Mexico, ,0,0,300186452,CRO,MEX
2014,24 Jun 2014 - 13:00,Group D,Estadio das Dunas,Italy,0,1,Uruguay, ,0,0,300186465,ITA,URU
2014,24 Jun 2014 - 13:00,Group D,Estadio Mineirao,Costa Rica,0,0,England, ,0,0,300186484,CRC,ENG
2014,24 Jun 2014 - 16:00,Group C,Arena Pantanal,Japan,1,4,Colombia, ,1,1,300186457,JPN,COL
2014,24 Jun 2014 - 17:00,Group C,Estadio Castelao,Greece,2,1,C�te d'Ivoire, ,1,0,300186455,GRE,CIV
2014,25 Jun 2014 - 13:00,Group F,Estadio Beira-Rio,Nigeria,2,3,Argentina, ,1,2,300186458,NGA,ARG
2014,25 Jun 2014 - 13:00,Group F,Arena Fonte Nova,"rn"">Bosnia and Herzegovina",3,1,IR Iran, ,1,0,300186464,BIH,IRN
2014,25 Jun 2014 - 16:00,Group E,Arena Amazonia,Honduras,0,3,Switzerland, ,0,2,300186482,HON,SUI
2014,25 Jun 2014 - 17:00,Group E,Estadio do Maracana,Ecuador,0,0,France, ,0,0,300186515,ECU,FRA
2014,26 Jun 2014 - 13:00,Group G,Arena Pernambuco,USA,0,1,Germany, ,0,0,300186469,USA,GER
2014,26 Jun 2014 - 13:00,Group G,Estadio Nacional,Portugal,2,1,Ghana, ,1,0,300186476,POR,GHA
2014,26 Jun 2014 - 17:00,Group H,Arena de Sao Paulo,Korea Republic,0,1,Belgium, ,0,0,300186480,KOR,BEL
2014,26 Jun 2014 - 17:00,Group H,Arena da Baixada,Algeria,1,1,Russia, ,0,1,300186506,ALG,RUS
2014,28 Jun 2014 - 13:00,Round of 16,Estadio Mineirao,Brazil,1,1,Chile,Brazil win on penalties (3 - 2),0,0,300186487,BRA,CHI
2014,28 Jun 2014 - 17:00,Round of 16,Estadio do Maracana,Colombia,2,0,Uruguay, ,1,0,300186491,COL,URU
2014,30 Jun 2014 - 13:00,Round of 16,Estadio Nacional,France,2,0,Nigeria, ,0,0,300186462,FRA,NGA
2014,30 Jun 2014 - 17:00,Round of 16,Estadio Beira-Rio,Germany,2,1,Algeria,Germany win after extra time ,0,0,300186460,GER,ALG
2014,04 Jul 2014 - 17:00,Quarter-finals,Estadio Castelao,Brazil,2,1,Colombia, ,1,0,300186461,BRA,COL
2014,04 Jul 2014 - 13:00,Quarter-finals,Estadio do Maracana,France,0,1,Germany, ,0,1,300186485,FRA,GER
2014,08 Jul 2014 - 17:00,Semi-finals,Estadio Mineirao,Brazil,1,7,Germany, ,0,5,300186474,BRA,GER
2014,12 Jul 2014 - 17:00,Play-off for third place,Estadio Nacional,Brazil,0,3,Netherlands, ,0,2,300186502,BRA,NED
2014,13 Jul 2014 - 16:00,Final,Estadio do Maracana,Germany,1,0,Argentina,Germany win after extra time ,0,0,300186501,GER,ARG
2014,09 Jul 2014 - 17:00,Semi-finals,Arena de Sao Paulo,Netherlands,0,0,Argentina,Argentina win on penalties (2 - 4),0,0,300186490,NED,ARG
2014,05 Jul 2014 - 17:00,Quarter-finals,Arena Fonte Nova,Netherlands,0,0,Costa Rica,Netherlands win on penalties (4 - 3),0,0,300186488,NED,CRC
2014,05 Jul 2014 - 13:00,Quarter-finals,Estadio Nacional,Argentina,1,0,Belgium, ,1,0,300186504,ARG,BEL
2014,29 Jun 2014 - 13:00,Round of 16,Estadio Castelao,Netherlands,2,1,Mexico, ,0,0,300186508,NED,MEX
2014,29 Jun 2014 - 17:00,Round of 16,Arena Pernambuco,Costa Rica,1,1,Greece,Costa Rica win on penalties (5 - 3),0,0,300186459,CRC,GRE
2014,01 Jul 2014 - 13:00,Round of 16,Arena de Sao Paulo,Argentina,1,0,Switzerland,Argentina win after extra time ,0,0,300186503,ARG,SUI
2014,01 Jul 2014 - 17:00,Round of 16,Arena Fonte Nova,Belgium,2,1,USA,Belgium win after extra time ,0,0,300186497,BEL,USA
2014,28 Jun 2014 - 13:00,Round of 16,Estadio Mineirao,Brazil,1,1,Chile,Brazil win on penalties (3 - 2),0,0,300186487,BRA,CHI
2014,28 Jun 2014 - 17:00,Round of 16,Estadio do Maracana,Colombia,2,0,Uruguay, ,1,0,300186491,COL,URU
2014,29 Jun 2014 - 13:00,Round of 16,Estadio Castelao,Netherlands,2,1,Mexico, ,0,0,300186508,NED,MEX
2014,29 Jun 2014 - 17:00,Round of 16,Arena Pernambuco,Costa Rica,1,1,Greece,Costa Rica win on penalties (5 - 3),0,0,300186459,CRC,GRE
2014,30 Jun 2014 - 13:00,Round of 16,Estadio Nacional,France,2,0,Nigeria, ,0,0,300186462,FRA,NGA
2014,30 Jun 2014 - 17:00,Round of 16,Estadio Beira-Rio,Germany,2,1,Algeria,Germany win after extra time ,0,0,300186460,GER,ALG
2014,01 Jul 2014 - 13:00,Round of 16,Arena de Sao Paulo,Argentina,1,0,Switzerland,Argentina win after extra time ,0,0,300186503,ARG,SUI
2014,01 Jul 2014 - 17:00,Round of 16,Arena Fonte Nova,Belgium,2,1,USA,Belgium win after extra time ,0,0,300186497,BEL,USA
2014,04 Jul 2014 - 13:00,Quarter-finals,Estadio do Maracana,France,0,1,Germany, ,0,1,300186485,FRA,GER
2014,04 Jul 2014 - 17:00,Quarter-finals,Estadio Castelao,Brazil,2,1,Colombia, ,1,0,300186461,BRA,COL
2014,05 Jul 2014 - 13:00,Quarter-finals,Estadio Nacional,Argentina,1,0,Belgium, ,1,0,300186504,ARG,BEL
2014,05 Jul 2014 - 17:00,Quarter-finals,Arena Fonte Nova,Netherlands,0,0,Costa Rica,Netherlands win on penalties (4 - 3),0,0,300186488,NED,CRC
2014,08 Jul 2014 - 17:00,Semi-finals,Estadio Mineirao,Brazil,1,7,Germany, ,0,5,300186474,BRA,GER
2014,09 Jul 2014 - 17:00,Semi-finals,Arena de Sao Paulo,Netherlands,0,0,Argentina,Argentina win on penalties (2 - 4),0,0,300186490,NED,ARG
2014,12 Jul 2014 - 17:00,Play-off for third place,Estadio Nacional,Brazil,0,3,Netherlands, ,0,2,300186502,BRA,NED
2014,13 Jul 2014 - 16:00,Final,Estadio do Maracana,Germany,1,0,Argentina,Germany win after extra time ,0,0,300186501,GER,ARG
