RoundID,MatchID,Team Initials,Coach Name,Line-up,Shirt Number,Player Name,Position,Event,
255931,300186475,POR,PAULO BENTO (POR),N,19,A. ALMEIDA,,I65',
255931,300186512,GHA,APPIAH James (GHA),S,10,A. AYEW,,G82',
255931,300186471,COL,PEKERMAN Jose (ARG),N,16,A. BALANTA,,,
255931,300186477,ARG,SABELLA Alejandro (ARG),N,13,A. FERNANDEZ,,,
255931,300186489,URU,TABAREZ Oscar (URU),N,20,A. GONZALEZ,,I60',
255931,300186492,MEX,HERRERA Miguel (MEX),S,18,A. GUARDADO,,O69',
255931,300186512,GHA,APPIAH James (GHA),S,3,A. GYAN,C,,
255931,300186505,IRN,Carlos QUEIR�S (POR),S,12,A. HAGHIGHI,GK,,
255931,300186489,URU,TABAREZ Oscar (URU),N,8,A. HERNANDEZ,,I76',
255931,300186510,ESP,DEL BOSQUE Vicente (ESP),S,6,A. INIESTA,,,
255931,300186471,COL,PEKERMAN Jose (ARG),N,15,A. MEJIA,,I69',
255931,300186489,URU,TABAREZ Oscar (URU),N,6,A. PEREIRA,,,
255931,300186492,MEX,HERRERA Miguel (MEX),N,11,A. PULIDO,,,
255931,300186492,MEX,HERRERA Miguel (MEX),N,12,A. TALAVERA,GK,,
255931,300186494,ECU,RUEDA Reinaldo (COL),S,16,A. VALENCIA,C,,
255931,300186513,ITA,Cesare PRANDELLI (ITA),N,7,ABATE,,,
255931,300186492,CMR,Volker FINKE (GER),N,10,ABOUBAKAR,,,
255931,300186494,ECU,RUEDA Reinaldo (COL),N,21,ACHILIER,,,
255931,300186489,CRC,PINTO Jorge Luis (COL),N,2,ACOSTA J.,,,
255931,300186512,GHA,APPIAH James (GHA),N,6,ACQUAH,,,
255931,300186512,GHA,APPIAH James (GHA),N,14,ADOMAH,,I78',
255931,300186505,NGA,KESHI Stephen (NGA),N,21,AGBIM,GK,,
255931,300186477,ARG,SABELLA Alejandro (ARG),S,20,AGUERO,,O87',
255931,300186471,COL,PEKERMAN Jose (ARG),S,8,AGUILAR T.,,O69',
255931,300186505,IRN,Carlos QUEIR�S (POR),N,17,AHMAD,,,
255931,300186499,RUS,CAPELLO Fabio (ITA),S,1,AKINFEEV,GK,,
255931,300186507,CIV,LAMOUCHI Sabri (FRA),N,7,AKPA JD,,,
255931,300186473,CHI,SAMPAOLI Jorge (ARG),N,3,ALBORNOZ,,,
255931,300186479,BEL,WILMOTS Marc (BEL),S,2,ALDERWEIRELD,,,
255931,300186473,CHI,SAMPAOLI Jorge (ARG),S,7,ALEXIS,,G12',
255931,300186505,IRN,Carlos QUEIR�S (POR),N,9,ALIREZA,,I73',
255931,300186510,ESP,DEL BOSQUE Vicente (ESP),S,14,ALONSO,,P27' O62',
255931,300186512,USA,KLINSMANN Juergen (GER),S,17,ALTIDORE,,O23',
255931,300186477,ARG,SABELLA Alejandro (ARG),N,19,ALVAREZ,,,
255931,300186505,NGA,KESHI Stephen (NGA),S,5,AMBROSE,,,
255931,300186505,NGA,KESHI Stephen (NGA),N,23,AMEOBI,,I52',
255931,300186505,IRN,Carlos QUEIR�S (POR),S,5,AMIRHOSSEIN,,,
255931,300186505,IRN,Carlos QUEIR�S (POR),S,14,ANDRANIK,,Y75',
255931,300186477,ARG,SABELLA Alejandro (ARG),N,21,ANDUJAR,GK,,
255931,300186507,JPN,ZACCHERONI Alberto (ITA),N,14,AOYAMA,,,
255931,300186513,ITA,Cesare PRANDELLI (ITA),N,14,AQUILANI,,,
255931,300186471,COL,PEKERMAN Jose (ARG),N,4,ARIAS,,I74',
255931,300186494,ECU,RUEDA Reinaldo (COL),N,15,ARROYO,,I70',
255931,300186492,CMR,Volker FINKE (GER),S,2,ASSOU EKOTTO,,,
255931,300186512,GHA,APPIAH James (GHA),S,7,ATSU,,O78',
255931,300186477,BIH,SUSIC Safet (BIH),N,22,AVDUKI?,GK,,
255931,300186505,NGA,KESHI Stephen (NGA),S,15,AZEEZ,,O69',
255931,300186510,ESP,DEL BOSQUE Vicente (ESP),S,22,AZPILICUETA,,,
255931,300186499,KOR,HONG Myungbo (KOR),N,7,B K KIM,,I84',
255931,300186499,KOR,HONG Myungbo (KOR),N,23,B Y LEE,GK,,
255931,300186475,POR,PAULO BENTO (POR),S,2,B. ALVES,,,
255931,300186507,CIV,LAMOUCHI Sabri (FRA),S,12,B. WILFRIED,,G64' O78',
255931,300186505,NGA,KESHI Stephen (NGA),N,18,BABATUNDE,,,
255931,300186471,COL,PEKERMAN Jose (ARG),N,17,BACCA,,,
255931,300186456,CRO,KOVAC Niko (CRO),N,15,BADELJ,,,
255931,300186512,GHA,APPIAH James (GHA),N,8,BADU,,,
255931,300186494,ECU,RUEDA Reinaldo (COL),N,18,BAGUI,,,
255931,300186513,ENG,HODGSON Roy (ENG),S,3,BAINES,,,
255931,300186505,IRN,Carlos QUEIR�S (POR),N,18,BAKHTIAR,,,
255931,300186513,ITA,Cesare PRANDELLI (ITA),S,9,BALOTELLI,,G50' O73',
255931,300186507,CIV,LAMOUCHI Sabri (FRA),S,22,BAMBA,,Y54',
255931,300186494,ECU,RUEDA Reinaldo (COL),N,1,BANGUERA,GK,,
255931,300186513,ENG,HODGSON Roy (ENG),N,21,BARKLEY,,I61',
255931,300186494,SUI,HITZFELD Ottmar (GER),N,7,BARNETTA,,,
255931,300186489,CRC,PINTO Jorge Luis (COL),N,11,BARRANTES M.,,I89',
255931,300186507,CIV,LAMOUCHI Sabri (FRA),S,1,BARRY COPA,GK,,
255931,300186513,ITA,Cesare PRANDELLI (ITA),S,15,BARZAGLI,,,
255931,300186477,ARG,SABELLA Alejandro (ARG),N,23,BASANTA,,,
255931,300186512,USA,KLINSMANN Juergen (GER),S,7,BEASLEY,,,
255931,300186473,CHI,SAMPAOLI Jorge (ARG),N,15,BEAUSEJOUR,,I68' G90',
255931,300186496,HON,SUAREZ Luis (COL),S,21,BECKELES,,,
255931,300186512,USA,KLINSMANN Juergen (GER),S,15,BECKERMAN,,,
255931,300186492,CMR,Volker FINKE (GER),N,12,BEDIMO,,,
255931,300186512,USA,KLINSMANN Juergen (GER),S,11,BEDOYA,,O77',
255931,300186477,BIH,SUSIC Safet (BIH),S,1,BEGOVI?,GK,,
255931,300186494,SUI,HITZFELD Ottmar (GER),S,11,BEHRAMI,,,
255931,300186505,IRN,Carlos QUEIR�S (POR),N,19,BEIKZADEH,,,
255931,300186505,IRN,Carlos QUEIR�S (POR),N,20,BEITASHOUR,,,
255931,300186479,ALG,HALILHODZIC Vahid (BIH),N,4,BELKALEM,,,
255931,300186494,SUI,HITZFELD Ottmar (GER),S,1,BENAGLIO,GK,,
255931,300186496,HON,SUAREZ Luis (COL),S,11,BENGTSON,,OH46',
255931,300186479,ALG,HALILHODZIC Vahid (BIH),S,14,BENTALEB,,Y34',
255931,300186496,FRA,DESCHAMPS Didier (FRA),S,10,BENZEMA,,P45' G72',
255931,300186456,BRA,SCOLARI Luiz Felipe (BRA),N,20,BERNARD,,I68',
255931,300186496,HON,SUAREZ Luis (COL),S,5,BERNARDEZ,,OH46',
255931,300186512,USA,KLINSMANN Juergen (GER),S,5,BESLER,,OH46',
255931,300186475,POR,PAULO BENTO (POR),N,22,BETO,GK,,
255931,300186477,BIH,SUSIC Safet (BIH),S,7,BE�I?,,,
255931,300186477,BIH,SUSIC Safet (BIH),S,3,BI?AK?I?,,,
255931,300186477,ARG,SABELLA Alejandro (ARG),N,6,BIGLIA,,I87',
255931,300186510,NED,Louis VAN GAAL (NED),S,5,BLIND,,,
255931,300186475,GER,LOEW Joachim (GER),S,20,BOATENG,,,
255931,300186507,CIV,LAMOUCHI Sabri (FRA),S,3,BOKA,,O75',
255931,300186489,CRC,PINTO Jorge Luis (COL),S,7,BOLA�OS C.,,O89',
255931,300186507,CIV,LAMOUCHI Sabri (FRA),N,6,BOLLY,,,
255931,300186494,ECU,RUEDA Reinaldo (COL),N,12,BONE,GK,,
255931,300186496,HON,SUAREZ Luis (COL),N,14,BONIEK,,IH46' Y53',
255931,300186513,ITA,Cesare PRANDELLI (ITA),N,19,BONUCCI,,,
255931,300186489,CRC,PINTO Jorge Luis (COL),S,5,BORGES C.,,,
255931,300186479,BEL,WILMOTS Marc (BEL),N,13,BOSSUT,GK,,
255931,300186479,ALG,HALILHODZIC Vahid (BIH),S,2,BOUGUERRA,C,,
255931,300186512,GHA,APPIAH James (GHA),S,21,BOYE,,,
255931,300186473,AUS,POSTECOGLOU Ange (AUS),N,13,BOZANIC,,,
255931,300186512,USA,KLINSMANN Juergen (GER),S,4,BRADLEY,,,
255931,300186479,ALG,HALILHODZIC Vahid (BIH),N,11,BRAHIMI,,,
255931,300186489,CRC,PINTO Jorge Luis (COL),N,14,BRENES R.,,,
255931,300186473,AUS,POSTECOGLOU Ange (AUS),S,23,BRESCIANO,,O78',
255931,300186512,USA,KLINSMANN Juergen (GER),N,6,BROOKS,,IH46' G86',
255931,300186456,CRO,KOVAC Niko (CRO),N,14,BROZOVI?,,I61',
255931,300186513,ITA,Cesare PRANDELLI (ITA),N,1,BUFFON,GK,,
255931,300186494,SUI,HITZFELD Ottmar (GER),N,21,B�RKI,GK,,
255931,300186499,KOR,HONG Myungbo (KOR),N,2,C S KIM,,,
255931,300186499,KOR,HONG Myungbo (KOR),S,17,C Y LEE,,,
255931,300186499,KOR,HONG Myungbo (KOR),S,10,C Y PARK,,O56',
255931,300186473,CHI,SAMPAOLI Jorge (ARG),S,1,C. BRAVO,GKC,,
255931,300186471,COL,PEKERMAN Jose (ARG),N,5,C. CARBONERO,,,
255931,300186492,MEX,HERRERA Miguel (MEX),N,21,C. PE�A,,,
255931,300186489,URU,TABAREZ Oscar (URU),S,7,C. RODRIGUEZ,,O76',
255931,300186492,MEX,HERRERA Miguel (MEX),N,3,C. SALCIDO,,I90',
255931,300186471,COL,PEKERMAN Jose (ARG),S,6,C. SANCHEZ,,Y26',
255931,300186489,URU,TABAREZ Oscar (URU),S,11,C. STUANI,,,
255931,300186471,COL,PEKERMAN Jose (ARG),S,2,C. ZAPATA,,,
255931,300186471,COL,PEKERMAN Jose (ARG),S,18,C. ZU�IGA,,,
255931,300186496,FRA,DESCHAMPS Didier (FRA),S,6,CABAYE,,Y45' O65',
255931,300186496,FRA,DESCHAMPS Didier (FRA),N,7,CABELLA,,,
255931,300186479,ALG,HALILHODZIC Vahid (BIH),N,17,CADAMURO,,,
255931,300186473,AUS,POSTECOGLOU Ange (AUS),S,4,CAHILL,,G35' Y44',
255931,300186513,ENG,HODGSON Roy (ENG),S,5,CAHILL,,,same name
255931,300186494,ECU,RUEDA Reinaldo (COL),S,11,CAICEDO,,O70',
255931,300186489,CRC,PINTO Jorge Luis (COL),N,20,CALVO D.,,,
255931,300186489,CRC,PINTO Jorge Luis (COL),N,23,CAMBRONERO D.,GK,,
255931,300186512,USA,KLINSMANN Juergen (GER),S,20,CAMERON,,,
255931,300186477,ARG,SABELLA Alejandro (ARG),S,3,CAMPAGNARO,,OH46',
255931,300186489,CRC,PINTO Jorge Luis (COL),S,9,CAMPBELL J.,,G54',
255931,300186513,ITA,Cesare PRANDELLI (ITA),S,6,CANDREVA,,O79',
255931,300186473,CHI,SAMPAOLI Jorge (ARG),N,6,CARMONA,,,
255931,300186513,ITA,Cesare PRANDELLI (ITA),N,10,CASSANO,,,
255931,300186513,ITA,Cesare PRANDELLI (ITA),N,11,CERCI,,,
255931,300186473,CHI,SAMPAOLI Jorge (ARG),S,20,CH. AR�NGUIZ,,Y86',
255931,300186479,BEL,WILMOTS Marc (BEL),S,22,CHADLI,,OH46',
255931,300186513,ENG,HODGSON Roy (ENG),N,15,CHAMBERLAIN,,,
255931,300186512,USA,KLINSMANN Juergen (GER),N,21,CHANDLER,,,
255931,300186492,CMR,Volker FINKE (GER),S,14,CHEDJOU,,,
255931,300186513,ITA,Cesare PRANDELLI (ITA),S,3,CHIELLINI,,,
255931,300186471,GRE,SANTOS Fernando (POR),S,20,CHOLEVAS,,,
255931,300186492,CMR,Volker FINKE (GER),S,13,CHOUPO-MOTING,,,
255931,300186510,NED,Louis VAN GAAL (NED),S,1,CILLESSEN,GK,,
255931,300186479,BEL,WILMOTS Marc (BEL),N,23,CIMAN,,,
255931,300186496,HON,SUAREZ Luis (COL),N,20,CLAROS,,I58',
255931,300186510,NED,Louis VAN GAAL (NED),N,16,CLASIE,,,
255931,300186456,CRO,KOVAC Niko (CRO),S,5,CORLUKA,,Y66',
255931,300186496,HON,SUAREZ Luis (COL),S,13,COSTLY,,,
255931,300186479,BEL,WILMOTS Marc (BEL),S,1,COURTOIS,GK,,
255931,300186471,COL,PEKERMAN Jose (ARG),S,11,CUADRADO,,,
255931,300186489,CRC,PINTO Jorge Luis (COL),N,22,CUBERO J.,,I74',
255931,300186499,KOR,HONG Myungbo (KOR),N,8,D S HA,,,
255931,300186499,KOR,HONG Myungbo (KOR),N,19,D W JI,,,
255931,300186489,URU,TABAREZ Oscar (URU),S,10,D. FORLAN,,O60',
255931,300186489,URU,TABAREZ Oscar (URU),S,3,D. GODIN,,,
255931,300186499,RUS,CAPELLO Fabio (ITA),S,23,D. KOMBAROV,,,
255931,300186489,URU,TABAREZ Oscar (URU),S,2,D. LUGANO,C,Y50',
255931,300186512,GHA,APPIAH James (GHA),S,4,D. OPARE,,,
255931,300186489,URU,TABAREZ Oscar (URU),N,15,D. PEREZ,,,
255931,300186492,MEX,HERRERA Miguel (MEX),N,5,D. REYES,,,
255931,300186456,BRA,SCOLARI Luiz Felipe (BRA),S,2,DANI ALVES,,,
255931,300186456,BRA,SCOLARI Luiz Felipe (BRA),N,13,DANTE,,,
255931,300186513,ITA,Cesare PRANDELLI (ITA),S,4,DARMIAN,,,
255931,300186512,GHA,APPIAH James (GHA),N,16,DAUDA,GK,,
255931,300186505,IRN,Carlos QUEIR�S (POR),N,22,DAVARI,GK,,
255931,300186456,BRA,SCOLARI Luiz Felipe (BRA),S,4,DAVID LUIZ,,,
255931,300186510,ESP,DEL BOSQUE Vicente (ESP),N,7,DAVID VILLA,,,
255931,300186473,AUS,POSTECOGLOU Ange (AUS),S,3,DAVIDSON,,,
255931,300186512,USA,KLINSMANN Juergen (GER),N,14,DAVIS,,,
255931,300186479,BEL,WILMOTS Marc (BEL),S,7,DE BRUYNE,,,
255931,300186510,ESP,DEL BOSQUE Vicente (ESP),N,12,DE GEA,GK,,
255931,300186510,NED,Louis VAN GAAL (NED),S,8,DE GUZMAN,,Y25' O62',
255931,300186510,NED,Louis VAN GAAL (NED),S,6,DE JONG,,,
255931,300186513,ITA,Cesare PRANDELLI (ITA),S,16,DE ROSSI,,,
255931,300186513,ITA,Cesare PRANDELLI (ITA),N,2,DE SCIGLIO,,,
255931,300186510,NED,Louis VAN GAAL (NED),S,3,DE VRIJ,,Y41' G65' O77',
255931,300186496,FRA,DESCHAMPS Didier (FRA),S,2,DEBUCHY,,,
255931,300186479,BEL,WILMOTS Marc (BEL),N,16,DEFOUR,,,
255931,300186505,IRN,Carlos QUEIR�S (POR),S,21,DEJAGAH,,O73',
255931,300186496,HON,SUAREZ Luis (COL),N,12,DELGADO,,,
255931,300186479,BEL,WILMOTS Marc (BEL),S,19,DEMBELE,,O65',
255931,300186477,ARG,SABELLA Alejandro (ARG),N,15,DEMICHELIS,,,
255931,300186512,USA,KLINSMANN Juergen (GER),S,8,DEMPSEY,C,G1',
255931,300186499,RUS,CAPELLO Fabio (ITA),N,7,DENISOV,,I72',
255931,300186477,ARG,SABELLA Alejandro (ARG),S,7,DI MARIA,,,
255931,300186473,CHI,SAMPAOLI Jorge (ARG),S,21,DIAZ,,,
255931,300186489,CRC,PINTO Jorge Luis (COL),S,15,DIAZ J.,,,
255931,300186510,ESP,DEL BOSQUE Vicente (ESP),S,19,DIEGO COSTA,,O62',
255931,300186496,FRA,DESCHAMPS Didier (FRA),N,17,DIGNE,,,
255931,300186507,CIV,LAMOUCHI Sabri (FRA),N,14,DIOMANDE,,,
255931,300186512,USA,KLINSMANN Juergen (GER),N,10,DISKERUD,,,
255931,300186479,ALG,HALILHODZIC Vahid (BIH),N,18,DJABOU,,,
255931,300186507,CIV,LAMOUCHI Sabri (FRA),N,18,DJAKPA,,I75',
255931,300186492,CMR,Volker FINKE (GER),S,4,DJEUGOUE,,OH46',
255931,300186494,SUI,HITZFELD Ottmar (GER),S,20,DJOUROU,,Y84',
255931,300186494,ECU,RUEDA Reinaldo (COL),S,22,DOMINGUEZ,GK,,
255931,300186475,GER,LOEW Joachim (GER),N,14,DRAXLER,,,
255931,300186494,SUI,HITZFELD Ottmar (GER),S,19,DRMIC,,O75',
255931,300186507,CIV,LAMOUCHI Sabri (FRA),N,11,DROGBA,,I62',
255931,300186489,CRC,PINTO Jorge Luis (COL),S,6,DUARTE O.,,G57',
255931,300186475,GER,LOEW Joachim (GER),N,15,DURM,,,
255931,300186499,RUS,CAPELLO Fabio (ITA),N,10,DZAGOEV,,I59',
255931,300186494,SUI,HITZFELD Ottmar (GER),N,15,DZEMAILI,,,
255931,300186477,BIH,SUSIC Safet (BIH),S,11,D�EKO,,,
255931,300186489,URU,TABAREZ Oscar (URU),S,17,E. AREVALO RIOS,,,
255931,300186489,URU,TABAREZ Oscar (URU),S,21,E. CAVANI,,P24',
255931,300186494,ECU,RUEDA Reinaldo (COL),S,13,E. VALENCIA,,G22',
255931,300186479,BEL,WILMOTS Marc (BEL),S,10,E.HAZARD,,,
255931,300186456,CRO,KOVAC Niko (CRO),N,22,EDUARDO,,,
255931,300186475,POR,PAULO BENTO (POR),N,1,EDUARDO,GK,,same name
255931,300186505,NGA,KESHI Stephen (NGA),N,6,EGWUEKWE,,,
255931,300186505,NGA,KESHI Stephen (NGA),N,16,EJIDE,GK,,
255931,300186505,NGA,KESHI Stephen (NGA),S,9,EMENIKE,,,
255931,300186496,HON,SUAREZ Luis (COL),S,7,EMILIO,,,
255931,300186507,JPN,ZACCHERONI Alberto (ITA),N,7,ENDO,,I54',
255931,300186492,CMR,Volker FINKE (GER),S,18,ENOH,,,
255931,300186505,NGA,KESHI Stephen (NGA),S,1,ENYEAMA,GKC,,
255931,300186494,ECU,RUEDA Reinaldo (COL),S,3,ERAZO,,,
255931,300186496,HON,SUAREZ Luis (COL),N,22,ESCOBER,GK,,
255931,300186499,RUS,CAPELLO Fabio (ITA),S,22,ESHCHENKO,,,
255931,300186496,HON,SUAREZ Luis (COL),S,15,ESPINOZA,,,
255931,300186512,GHA,APPIAH James (GHA),N,5,ESSIEN,,I71',
255931,300186492,CMR,Volker FINKE (GER),S,9,ETO'O,C,,
255931,300186496,FRA,DESCHAMPS Didier (FRA),S,3,EVRA,,Y7',
255931,300186475,POR,PAULO BENTO (POR),S,5,F. COENTR�O,,O65',
255931,300186477,ARG,SABELLA Alejandro (ARG),S,17,F. FERNANDEZ,,,
255931,300186489,URU,TABAREZ Oscar (URU),S,1,F. MUSLERA,GK,,
255931,300186492,MEX,HERRERA Miguel (MEX),S,2,F. RODRIGUEZ,,,
255931,300186499,RUS,CAPELLO Fabio (ITA),S,20,FAYZULIN,,,
255931,300186479,ALG,HALILHODZIC Vahid (BIH),S,10,FEGHOULI,,P25',
255931,300186477,BIH,SUSIC Safet (BIH),N,12,FEJZI?,GK,,
255931,300186479,BEL,WILMOTS Marc (BEL),N,8,FELLAINI,,I65' G70',
255931,300186510,NED,Louis VAN GAAL (NED),N,18,FER,,,
255931,300186494,SUI,HITZFELD Ottmar (GER),N,16,FERNANDES,,,
255931,300186456,BRA,SCOLARI Luiz Felipe (BRA),N,5,FERNANDINHO,,,
255931,300186471,GRE,SANTOS Fernando (POR),N,18,FETFATZIDIS,,I57',
255931,300186492,CMR,Volker FINKE (GER),N,1,FEUDJOU,GK,,
255931,300186496,HON,SUAREZ Luis (COL),S,3,FIGUEROA,,,
255931,300186513,ENG,HODGSON Roy (ENG),N,22,FORSTER,GK,,
255931,300186513,ENG,HODGSON Roy (ENG),N,13,FOSTER,GK,,
255931,300186489,CRC,PINTO Jorge Luis (COL),N,12,FRANCIS W.,,,
255931,300186473,AUS,POSTECOGLOU Ange (AUS),S,2,FRANJIC,,O49',
255931,300186456,BRA,SCOLARI Luiz Felipe (BRA),S,9,FRED,,,
255931,300186473,CHI,SAMPAOLI Jorge (ARG),N,19,FUENZALIDA,,,
255931,300186510,ESP,DEL BOSQUE Vicente (ESP),N,10,F�BREGAS,,I78',
255931,300186492,MEX,HERRERA Miguel (MEX),S,10,G. DOS SANTOS,,,
255931,300186492,MEX,HERRERA Miguel (MEX),S,13,G. OCHOA,GK,,
255931,300186489,URU,TABAREZ Oscar (URU),N,18,G. RAMIREZ,,,
255931,300186507,JPN,ZACCHERONI Alberto (ITA),N,3,G. SAKAI,,,
255931,300186505,NGA,KESHI Stephen (NGA),N,4,GABRIEL,,,
255931,300186477,ARG,SABELLA Alejandro (ARG),N,5,GAGO,,IH46',
255931,300186473,AUS,POSTECOGLOU Ange (AUS),N,18,GALEKOVIC,GK,,
255931,300186489,CRC,PINTO Jorge Luis (COL),S,16,GAMBOA C.,,,
255931,300186477,ARG,SABELLA Alejandro (ARG),S,2,GARAY,,,
255931,300186496,HON,SUAREZ Luis (COL),S,19,GARRIDO,,Y83',
255931,300186494,SUI,HITZFELD Ottmar (GER),N,17,GAVRANOVIC,,,
255931,300186507,CIV,LAMOUCHI Sabri (FRA),N,16,GBOHOUO,GK,,
255931,300186471,GRE,SANTOS Fernando (POR),S,17,GEKAS,,O64',
255931,300186513,ENG,HODGSON Roy (ENG),S,4,GERRARD,C,,
255931,300186507,CIV,LAMOUCHI Sabri (FRA),S,10,GERVINHO,,G66',
255931,300186505,IRN,Carlos QUEIR�S (POR),N,11,GHASEM. H,,,
255931,300186479,ALG,HALILHODZIC Vahid (BIH),N,9,GHILAS,,I84',
255931,300186479,ALG,HALILHODZIC Vahid (BIH),S,3,GHOULAM,,,
255931,300186475,GER,LOEW Joachim (GER),N,3,GINTER,,,
255931,300186496,FRA,DESCHAMPS Didier (FRA),N,9,GIROUD,,I78',
255931,300186499,RUS,CAPELLO Fabio (ITA),S,8,GLUSHAKOV,,O72',
255931,300186471,GRE,SANTOS Fernando (POR),N,12,GLYKOS,GK,,
255931,300186507,JPN,ZACCHERONI Alberto (ITA),N,23,GONDA,GK,,
255931,300186512,USA,KLINSMANN Juergen (GER),N,3,GONZALEZ,,,
255931,300186489,CRC,PINTO Jorge Luis (COL),S,3,GONZALEZ G.,,,
255931,300186507,CIV,LAMOUCHI Sabri (FRA),N,15,GRADEL,,,
255931,300186489,CRC,PINTO Jorge Luis (COL),N,13,GRANADOS O.,,,
255931,300186499,RUS,CAPELLO Fabio (ITA),N,13,GRANAT,,,
255931,300186512,USA,KLINSMANN Juergen (GER),N,16,GREEN,,,
255931,300186496,FRA,DESCHAMPS Didier (FRA),S,11,GRIEZMANN,,,
255931,300186475,GER,LOEW Joachim (GER),N,2,GRO�KREUTZ,,,
255931,300186494,ECU,RUEDA Reinaldo (COL),S,23,GRUEZO,,,
255931,300186494,ECU,RUEDA Reinaldo (COL),S,2,GUAGUA,,,
255931,300186471,COL,PEKERMAN Jose (ARG),N,13,GUARIN,,,
255931,300186473,CHI,SAMPAOLI Jorge (ARG),N,16,GUTI�RREZ,,I60',
255931,300186512,USA,KLINSMANN Juergen (GER),N,12,GUZAN,GK,,
255931,300186475,GER,LOEW Joachim (GER),S,19,G�TZE,,,
255931,300186499,KOR,HONG Myungbo (KOR),S,9,H M SON,,Y13' O84',
255931,300186475,POR,PAULO BENTO (POR),S,9,H. ALMEIDA,,O28',
255931,300186492,MEX,HERRERA Miguel (MEX),S,6,H. HERRERA,,O90',
255931,300186505,IRN,Carlos QUEIR�S (POR),N,13,H. MAHINI,,,
255931,300186492,MEX,HERRERA Miguel (MEX),S,15,H. MORENO,,Y57',
255931,300186475,POR,PAULO BENTO (POR),N,23,H. POSTIGA,,,
255931,300186507,JPN,ZACCHERONI Alberto (ITA),N,21,H. SAKAI,,,
255931,300186477,BIH,SUSIC Safet (BIH),N,21,HAD�I?,,,
255931,300186505,IRN,Carlos QUEIR�S (POR),S,3,HAJI SAFI,,,
255931,300186477,BIH,SUSIC Safet (BIH),S,20,HAJROVI?,,O71',
255931,300186479,ALG,HALILHODZIC Vahid (BIH),S,5,HALLICHE,,,
255931,300186473,AUS,POSTECOGLOU Ange (AUS),N,10,HALLORAN,,I68',
255931,300186512,GHA,APPIAH James (GHA),N,23,HARRISON,,,
255931,300186513,ENG,HODGSON Roy (ENG),S,1,HART,GK,,
255931,300186507,JPN,ZACCHERONI Alberto (ITA),S,17,HASEBE,C,O54',
255931,300186513,ENG,HODGSON Roy (ENG),S,14,HENDERSON,,O73',
255931,300186456,BRA,SCOLARI Luiz Felipe (BRA),N,15,HENRIQUE,,,
255931,300186456,BRA,SCOLARI Luiz Felipe (BRA),N,18,HERNANES,,I63',
255931,300186473,CHI,SAMPAOLI Jorge (ARG),N,23,HERRERA,GK,,
255931,300186477,ARG,SABELLA Alejandro (ARG),N,9,HIGUAIN,,IH46',
255931,300186473,AUS,POSTECOGLOU Ange (AUS),N,16,HOLLAND,,,
255931,300186507,JPN,ZACCHERONI Alberto (ITA),S,4,HONDA,,G16',
255931,300186512,USA,KLINSMANN Juergen (GER),S,1,HOWARD,GK,,
255931,300186456,BRA,SCOLARI Luiz Felipe (BRA),S,7,HULK,,O68',
255931,300186475,GER,LOEW Joachim (GER),S,5,HUMMELS,,G32' O73',
255931,300186510,NED,Louis VAN GAAL (NED),N,19,HUNTELAAR,,,
255931,300186475,GER,LOEW Joachim (GER),S,4,H�WEDES,,,
255931,300186492,MEX,HERRERA Miguel (MEX),N,17,I. BRIZUELA,,,
255931,300186510,ESP,DEL BOSQUE Vicente (ESP),S,1,I. CASILLAS,GKC,Y65',
255931,300186471,COL,PEKERMAN Jose (ARG),S,14,IBARBO,,,
255931,300186494,ECU,RUEDA Reinaldo (COL),N,5,IBARRA,,,
255931,300186477,BIH,SUSIC Safet (BIH),N,9,IBI�EVI?,,I69' G85',
255931,300186477,BIH,SUSIC Safet (BIH),N,17,IBRI?I?,,,
255931,300186499,RUS,CAPELLO Fabio (ITA),S,4,IGNASHEVICH,,,
255931,300186513,ITA,Cesare PRANDELLI (ITA),N,17,IMMOBILE,,I73',
255931,300186512,GHA,APPIAH James (GHA),N,2,INKOOM,,,
255931,300186494,SUI,HITZFELD Ottmar (GER),S,8,INLER,C,,
255931,300186507,JPN,ZACCHERONI Alberto (ITA),N,19,INOHA,,,
255931,300186513,ITA,Cesare PRANDELLI (ITA),N,22,INSIGNE,,,
255931,300186499,RUS,CAPELLO Fabio (ITA),N,21,IONOV,,,
255931,300186473,CHI,SAMPAOLI Jorge (ARG),S,4,ISLA,,,
255931,300186492,CMR,Volker FINKE (GER),S,16,ITANJDE,GK,,
255931,300186499,KOR,HONG Myungbo (KOR),S,13,J C KOO,C,Y90',
255931,300186499,KOR,HONG Myungbo (KOR),S,20,J H HONG,,O73',
255931,300186499,KOR,HONG Myungbo (KOR),N,22,J H PARK,,,
255931,300186499,KOR,HONG Myungbo (KOR),N,15,J W PARK,,,
255931,300186492,MEX,HERRERA Miguel (MEX),N,20,J. AQUINO,,,
255931,300186512,GHA,APPIAH James (GHA),S,13,J. AYEW,,O59',
255931,300186494,ECU,RUEDA Reinaldo (COL),N,17,J. AYOVI,,,
255931,300186492,MEX,HERRERA Miguel (MEX),N,1,J. CORONA,GK,,
255931,300186489,URU,TABAREZ Oscar (URU),N,4,J. FUCILE,,,
255931,300186492,MEX,HERRERA Miguel (MEX),N,14,J. HERNANDEZ,,I74',
255931,300186505,IRN,Carlos QUEIR�S (POR),S,4,J. HOSSEINI,,,
255931,300186475,POR,PAULO BENTO (POR),S,8,J. MOUTINHO,,,
255931,300186505,IRN,Carlos QUEIR�S (POR),S,6,J. NEKOUNAM,C,,
255931,300186496,HON,SUAREZ Luis (COL),N,9,J. PALACIOS,,,
255931,300186475,POR,PAULO BENTO (POR),S,21,J. PEREIRA,,Y11',
255931,300186492,MEX,HERRERA Miguel (MEX),S,23,J. VAZQUEZ,,,
255931,300186496,HON,SUAREZ Luis (COL),N,6,J.C. GARCIA,,,
255931,300186489,URU,TABAREZ Oscar (URU),N,13,J.M. GIMENEZ,,,
255931,300186471,COL,PEKERMAN Jose (ARG),N,21,JACKSON M.,,I76',
255931,300186513,ENG,HODGSON Roy (ENG),S,6,JAGIELKA,,,
255931,300186471,COL,PEKERMAN Jose (ARG),S,10,JAMES,,G90',
255931,300186510,NED,Louis VAN GAAL (NED),S,7,JANMAAT,,,
255931,300186479,BEL,WILMOTS Marc (BEL),N,20,JANUZAJ,,,
255931,300186473,CHI,SAMPAOLI Jorge (ARG),S,18,JARA,,,
255931,300186510,ESP,DEL BOSQUE Vicente (ESP),N,4,JAVI MART�NEZ,,,
255931,300186473,AUS,POSTECOGLOU Ange (AUS),S,15,JEDINAK,C,Y58',
255931,300186456,BRA,SCOLARI Luiz Felipe (BRA),N,1,JEFFERSON,GK,,
255931,300186456,CRO,KOVAC Niko (CRO),S,9,JELAVI?,,O78',
255931,300186512,USA,KLINSMANN Juergen (GER),N,9,JOHANNSSON,,I23',
255931,300186513,ENG,HODGSON Roy (ENG),S,2,JOHNSON,,,
255931,300186512,USA,KLINSMANN Juergen (GER),S,23,JOHNSON,,,same name
255931,300186512,GHA,APPIAH James (GHA),S,19,JONATHAN,,,
255931,300186513,ENG,HODGSON Roy (ENG),N,16,JONES,,,
255931,300186512,USA,KLINSMANN Juergen (GER),S,13,JONES,,,same name
255931,300186510,ESP,DEL BOSQUE Vicente (ESP),S,18,JORDI ALBA,,,
255931,300186510,ESP,DEL BOSQUE Vicente (ESP),N,5,JUANFRAN,,,
255931,300186456,BRA,SCOLARI Luiz Felipe (BRA),S,12,JULIO CESAR,GK,,
255931,300186456,BRA,SCOLARI Luiz Felipe (BRA),N,21,J�,,,
255931,300186499,KOR,HONG Myungbo (KOR),N,11,K H LEE,,I56' G68',
255931,300186499,KOR,HONG Myungbo (KOR),S,14,K Y HAN,,,
255931,300186512,GHA,APPIAH James (GHA),S,20,K. ASAMOAH,,,
255931,300186507,JPN,ZACCHERONI Alberto (ITA),S,10,KAGAWA,,O86',
255931,300186507,JPN,ZACCHERONI Alberto (ITA),N,11,KAKITANI,,I86',
255931,300186507,CIV,LAMOUCHI Sabri (FRA),S,8,KALOU,,,
255931,300186499,RUS,CAPELLO Fabio (ITA),N,6,KANUNNIKOV,,,
255931,300186471,GRE,SANTOS Fernando (POR),N,13,KAPINO,GK,,
255931,300186471,GRE,SANTOS Fernando (POR),N,10,KARAGOUNIS,,I78',
255931,300186505,IRN,Carlos QUEIR�S (POR),N,10,KARIM,,,
255931,300186471,GRE,SANTOS Fernando (POR),S,1,KARNEZIS,GK,,
255931,300186471,GRE,SANTOS Fernando (POR),S,21,KATSOURANIS,C,,
255931,300186507,JPN,ZACCHERONI Alberto (ITA),S,1,KAWASHIMA,GK,,
255931,300186499,RUS,CAPELLO Fabio (ITA),N,11,KERZHAKOV,,I71' G74',
255931,300186505,IRN,Carlos QUEIR�S (POR),S,2,KH. HEYDARI,,O89',
255931,300186475,GER,LOEW Joachim (GER),S,6,KHEDIRA,,,
255931,300186507,JPN,ZACCHERONI Alberto (ITA),N,8,KIYOTAKE,,,
255931,300186475,GER,LOEW Joachim (GER),N,11,KLOSE,,,
255931,300186510,ESP,DEL BOSQUE Vicente (ESP),N,17,KOKE,,,
255931,300186499,RUS,CAPELLO Fabio (ITA),S,9,KOKORIN,,,
255931,300186477,BIH,SUSIC Safet (BIH),S,5,KOLA�INAC,,W3',
255931,300186479,BEL,WILMOTS Marc (BEL),S,4,KOMPANY,C,,
255931,300186471,GRE,SANTOS Fernando (POR),S,8,KONE,,O78',
255931,300186510,NED,Louis VAN GAAL (NED),N,14,KONGOLO,,,
255931,300186507,JPN,ZACCHERONI Alberto (ITA),N,15,KONNO,,,
255931,300186496,FRA,DESCHAMPS Didier (FRA),N,21,KOSCIELNY,,,
255931,300186456,CRO,KOVAC Niko (CRO),S,20,KOVA?I?,,O61',
255931,300186499,RUS,CAPELLO Fabio (ITA),N,2,KOZLOV,,,
255931,300186475,GER,LOEW Joachim (GER),N,23,KRAMER,,,
255931,300186475,GER,LOEW Joachim (GER),S,18,KROOS,,,
255931,300186510,NED,Louis VAN GAAL (NED),N,23,KRUL,GK,,
255931,300186510,NED,Louis VAN GAAL (NED),N,15,KUYT,,,
255931,300186512,GHA,APPIAH James (GHA),S,12,KWARASEY,GK,,
255931,300186456,BRA,SCOLARI Luiz Felipe (BRA),S,17,L GUSTAVO,,Y88',
255931,300186489,URU,TABAREZ Oscar (URU),N,9,L. SUAREZ,,,
255931,300186479,ALG,HALILHODZIC Vahid (BIH),N,8,LACEN,,I71',
255931,300186475,GER,LOEW Joachim (GER),S,16,LAHM,C,,
255931,300186513,ENG,HODGSON Roy (ENG),N,20,LALLANA,,I80',
255931,300186513,ENG,HODGSON Roy (ENG),N,18,LAMBERT,,,
255931,300186513,ENG,HODGSON Roy (ENG),N,8,LAMPARD,,,
255931,300186496,FRA,DESCHAMPS Didier (FRA),N,23,LANDREAU,GK,,
255931,300186494,SUI,HITZFELD Ottmar (GER),N,6,LANG,,,
255931,300186473,AUS,POSTECOGLOU Ange (AUS),N,12,LANGERAK,GK,,
255931,300186477,ARG,SABELLA Alejandro (ARG),N,22,LAVEZZI,,,
255931,300186471,GRE,SANTOS Fernando (POR),N,16,LAZAROS,,,
255931,300186473,AUS,POSTECOGLOU Ange (AUS),S,7,LECKIE,,,
255931,300186510,NED,Louis VAN GAAL (NED),N,17,LENS,,I79',
255931,300186494,SUI,HITZFELD Ottmar (GER),S,2,LICHTSTEINER,,,
255931,300186496,FRA,DESCHAMPS Didier (FRA),S,1,LLORIS,GKC,,
255931,300186499,RUS,CAPELLO Fabio (ITA),N,12,LODYGIN,GK,,
255931,300186479,BEL,WILMOTS Marc (BEL),N,18,LOMBAERTS,,,
255931,300186496,HON,SUAREZ Luis (COL),N,1,LOPEZ,GK,,
255931,300186456,CRO,KOVAC Niko (CRO),S,6,LOVREN,,Y69',
255931,300186479,BEL,WILMOTS Marc (BEL),S,9,LUKAKU,,O58',
255931,300186477,BIH,SUSIC Safet (BIH),S,16,LULI?,,,
255931,300186473,AUS,POSTECOGLOU Ange (AUS),N,21,LUONGO,,,
255931,300186489,URU,TABAREZ Oscar (URU),S,22,M. CACERES,,Y81',
255931,300186496,HON,SUAREZ Luis (COL),N,23,M. CHAVEZ,,,
255931,300186492,MEX,HERRERA Miguel (MEX),N,8,M. FABIAN,,I69',
255931,300186492,MEX,HERRERA Miguel (MEX),S,7,M. LAYUN,,,
255931,300186496,HON,SUAREZ Luis (COL),N,10,M. MARTINEZ,,,
255931,300186489,URU,TABAREZ Oscar (URU),S,16,M. PEREIRA,,R90',
255931,300186492,MEX,HERRERA Miguel (MEX),N,16,M. PONCE,,,
255931,300186477,ARG,SABELLA Alejandro (ARG),S,11,M. RODRIGUEZ,,OH46',
255931,300186507,CIV,LAMOUCHI Sabri (FRA),N,23,M. SAYOUBA,GK,,
255931,300186489,URU,TABAREZ Oscar (URU),N,23,M. SILVA,GK,,
255931,300186479,ALG,HALILHODZIC Vahid (BIH),S,21,MAHREZ,,O71',
255931,300186456,BRA,SCOLARI Luiz Felipe (BRA),N,23,MAICON,,,
255931,300186492,CMR,Volker FINKE (GER),N,11,MAKOUN,,,
255931,300186479,ALG,HALILHODZIC Vahid (BIH),N,20,MANDI,,,
255931,300186456,CRO,KOVAC Niko (CRO),N,17,MAND�UKI?,,,
255931,300186496,FRA,DESCHAMPS Didier (FRA),N,13,MANGALA,,,
255931,300186471,GRE,SANTOS Fernando (POR),S,2,MANIATIS,,,
255931,300186471,GRE,SANTOS Fernando (POR),S,4,MANOLAS,,,
255931,300186456,BRA,SCOLARI Luiz Felipe (BRA),S,6,MARCELO,,W11',
255931,300186513,ITA,Cesare PRANDELLI (ITA),S,8,MARCHISIO,,G35',
255931,300186494,ECU,RUEDA Reinaldo (COL),N,20,MARTINEZ,,,
255931,300186510,NED,Louis VAN GAAL (NED),S,4,MARTINS INDI,,,
255931,300186477,ARG,SABELLA Alejandro (ARG),S,14,MASCHERANO,,,
255931,300186505,IRN,Carlos QUEIR�S (POR),N,7,MASOUD. SH,,I89',
255931,300186510,ESP,DEL BOSQUE Vicente (ESP),N,13,MATA,,,
255931,300186492,CMR,Volker FINKE (GER),N,21,MATIP,,,
255931,300186496,FRA,DESCHAMPS Didier (FRA),S,14,MATUIDI,,,
255931,300186496,FRA,DESCHAMPS Didier (FRA),N,12,MAVUBA,,I65',
255931,300186456,BRA,SCOLARI Luiz Felipe (BRA),N,14,MAXWELL,,,
255931,300186492,CMR,Volker FINKE (GER),S,17,MBIA,,,
255931,300186473,AUS,POSTECOGLOU Ange (AUS),N,19,MCGOWAN,,I49',
255931,300186473,AUS,POSTECOGLOU Ange (AUS),N,17,MCKAY,,,
255931,300186473,CHI,SAMPAOLI Jorge (ARG),S,17,MEDEL,,,
255931,300186479,ALG,HALILHODZIC Vahid (BIH),S,12,MEDJANI,,O84',
255931,300186477,BIH,SUSIC Safet (BIH),N,18,MEDUNJANIN,,I74',
255931,300186494,SUI,HITZFELD Ottmar (GER),N,18,MEHMEDI,,IH46' G48',
255931,300186505,IRN,Carlos QUEIR�S (POR),S,23,MEHRDAD,,,
255931,300186510,NED,Louis VAN GAAL (NED),N,21,MEMPHIS,,,
255931,300186473,CHI,SAMPAOLI Jorge (ARG),S,2,MENA,,,
255931,300186494,ECU,RUEDA Reinaldo (COL),N,8,MENDEZ,,,
255931,300186479,BEL,WILMOTS Marc (BEL),N,14,MERTENS,,IH46' G80',
255931,300186475,GER,LOEW Joachim (GER),S,17,MERTESACKER,,,
255931,300186479,ALG,HALILHODZIC Vahid (BIH),N,6,MESBAH,,,
255931,300186477,ARG,SABELLA Alejandro (ARG),S,10,MESSI,C,G65',
255931,300186479,BEL,WILMOTS Marc (BEL),N,12,MIGNOLET,GK,,
255931,300186475,POR,PAULO BENTO (POR),S,4,MIGUEL,,OH46',
255931,300186505,NGA,KESHI Stephen (NGA),S,10,MIKEL,,,
255931,300186489,CRC,PINTO Jorge Luis (COL),N,19,MILLER R.,,,
255931,300186473,AUS,POSTECOGLOU Ange (AUS),S,5,MILLIGAN,,Y67',
255931,300186513,ENG,HODGSON Roy (ENG),N,17,MILNER,,,
255931,300186494,ECU,RUEDA Reinaldo (COL),N,14,MINDA,,,
255931,300186479,BEL,WILMOTS Marc (BEL),N,11,MIRALLAS,,,
255931,300186477,BIH,SUSIC Safet (BIH),S,10,MISIMOVI?,,O74',
255931,300186471,GRE,SANTOS Fernando (POR),N,9,MITROGLOU,,I64',
255931,300186456,CRO,KOVAC Niko (CRO),S,10,MODRI?,,,
255931,300186499,RUS,CAPELLO Fabio (ITA),N,15,MOGILEVETC,,,
255931,300186471,COL,PEKERMAN Jose (ARG),N,22,MONDRAGON,GK,,
255931,300186505,IRN,Carlos QUEIR�S (POR),S,15,MONTAZERI,,,
255931,300186494,ECU,RUEDA Reinaldo (COL),S,7,MONTERO,,O77',
255931,300186496,HON,SUAREZ Luis (COL),N,4,MONTES,,,
255931,300186471,GRE,SANTOS Fernando (POR),N,5,MORAS,,,
255931,300186507,JPN,ZACCHERONI Alberto (ITA),S,6,MORISHIGE,,Y64',
255931,300186505,NGA,KESHI Stephen (NGA),S,11,MOSES,,O52',
255931,300186479,ALG,HALILHODZIC Vahid (BIH),S,22,MOSTEFA,,,
255931,300186492,CMR,Volker FINKE (GER),S,8,MOUKANDJO,,,
255931,300186477,BIH,SUSIC Safet (BIH),S,13,MUJD�A,,O69',
255931,300186512,GHA,APPIAH James (GHA),S,11,MUNTARI,,Y90',
255931,300186505,NGA,KESHI Stephen (NGA),S,7,MUSA,,,
255931,300186475,GER,LOEW Joachim (GER),N,21,MUSTAFI,,I73',
255931,300186489,CRC,PINTO Jorge Luis (COL),N,8,MYRIE D.,,,
255931,300186475,GER,LOEW Joachim (GER),S,13,M�LLER,,P12' G45' G78' O82',
255931,300186489,URU,TABAREZ Oscar (URU),N,14,N. LODEIRO,,I60',
255931,300186492,CMR,Volker FINKE (GER),N,23,N'DJOCK,GK,,
255931,300186507,JPN,ZACCHERONI Alberto (ITA),S,5,NAGATOMO,,,
255931,300186496,HON,SUAREZ Luis (COL),S,17,NAJAR,,O58',
255931,300186475,POR,PAULO BENTO (POR),S,17,NANI,,,
255931,300186489,CRC,PINTO Jorge Luis (COL),S,1,NAVAS K.,GK,,
255931,300186475,POR,PAULO BENTO (POR),N,14,NETO,,,
255931,300186475,GER,LOEW Joachim (GER),S,1,NEUER,GK,,
255931,300186456,BRA,SCOLARI Luiz Felipe (BRA),S,10,NEYMAR JR,,Y27' G29' P71' O88',
255931,300186492,CMR,Volker FINKE (GER),N,7,NGUEMO,,,
255931,300186507,JPN,ZACCHERONI Alberto (ITA),N,12,NISHIKAWA,GK,,
255931,300186492,CMR,Volker FINKE (GER),S,3,NKOULOU,,,
255931,300186494,ECU,RUEDA Reinaldo (COL),S,6,NOBOA,,,
255931,300186492,CMR,Volker FINKE (GER),N,5,NOUNKEU,,IH46' Y77',
255931,300186505,NGA,KESHI Stephen (NGA),N,19,NWOFOR,,,
255931,300186492,CMR,Volker FINKE (GER),N,22,NYOM,,,
255931,300186496,HON,SUAREZ Luis (COL),N,2,O. CHAVEZ,,IH46',
255931,300186492,MEX,HERRERA Miguel (MEX),S,19,O. PERALTA,,G61' O74',
255931,300186473,AUS,POSTECOGLOU Ange (AUS),S,11,OAR,,O68',
255931,300186505,NGA,KESHI Stephen (NGA),S,14,OBOABONA,,O29',
255931,300186505,NGA,KESHI Stephen (NGA),N,8,ODEMWINGIE,,I69',
255931,300186505,NGA,KESHI Stephen (NGA),N,12,ODUNLAMI,,,
255931,300186507,JPN,ZACCHERONI Alberto (ITA),S,9,OKAZAKI,,,
255931,300186507,JPN,ZACCHERONI Alberto (ITA),N,13,OKUBO,,I67',
255931,300186456,CRO,KOVAC Niko (CRO),S,18,OLI?,,,
255931,300186492,CMR,Volker FINKE (GER),N,19,OLINGA,,,
255931,300186505,NGA,KESHI Stephen (NGA),S,22,OMERUO,,,
255931,300186505,NGA,KESHI Stephen (NGA),S,17,ONAZI,,,
255931,300186473,CHI,SAMPAOLI Jorge (ARG),N,14,ORELLANA,,,
255931,300186479,BEL,WILMOTS Marc (BEL),N,17,ORIGI,,I58',
255931,300186477,ARG,SABELLA Alejandro (ARG),N,12,ORION,GK,,
255931,300186507,JPN,ZACCHERONI Alberto (ITA),S,18,OSAKO,,O67',
255931,300186456,BRA,SCOLARI Luiz Felipe (BRA),S,11,OSCAR,,G90',
255931,300186505,NGA,KESHI Stephen (NGA),S,13,OSHANIWA,,,
255931,300186471,COL,PEKERMAN Jose (ARG),S,1,OSPINA,GK,,
255931,300186492,MEX,HERRERA Miguel (MEX),S,22,P. AGUILAR,,,
255931,300186471,COL,PEKERMAN Jose (ARG),S,7,P. ARMERO,,G5' O74',
255931,300186477,ARG,SABELLA Alejandro (ARG),N,18,PALACIO,,,
255931,300186513,ITA,Cesare PRANDELLI (ITA),S,20,PALETTA,,,
255931,300186473,CHI,SAMPAOLI Jorge (ARG),N,22,PAREDES,,,
255931,300186494,ECU,RUEDA Reinaldo (COL),S,4,PAREDES,,Y53',same name
255931,300186513,ITA,Cesare PRANDELLI (ITA),N,18,PAROLO,,I79',
255931,300186456,BRA,SCOLARI Luiz Felipe (BRA),S,8,PAULINHO,,O63',
255931,300186510,ESP,DEL BOSQUE Vicente (ESP),N,11,PEDRO,,I62',
255931,300186489,CRC,PINTO Jorge Luis (COL),N,18,PEMBERTON P.,GK,,
255931,300186475,POR,PAULO BENTO (POR),S,3,PEPE,,R37',
255931,300186477,ARG,SABELLA Alejandro (ARG),N,8,PEREZ,,,
255931,300186513,ITA,Cesare PRANDELLI (ITA),N,13,PERIN,GK,,
255931,300186456,CRO,KOVAC Niko (CRO),S,4,PERI�I?,,,
255931,300186473,CHI,SAMPAOLI Jorge (ARG),N,9,PINILLA,,I88',
255931,300186510,ESP,DEL BOSQUE Vicente (ESP),S,3,PIQU�,,,
255931,300186513,ITA,Cesare PRANDELLI (ITA),S,21,PIRLO,C,,
255931,300186477,BIH,SUSIC Safet (BIH),S,8,PJANI?,,,
255931,300186456,CRO,KOVAC Niko (CRO),S,1,PLETIKOSA,GK,,
255931,300186475,GER,LOEW Joachim (GER),N,10,PODOLSKI,,I82',
255931,300186496,FRA,DESCHAMPS Didier (FRA),S,19,POGBA,,Y28' O57',
255931,300186456,CRO,KOVAC Niko (CRO),N,3,PRANJI?,,,
255931,300186512,GHA,APPIAH James (GHA),N,9,PRINCE,,I59',
255931,300186471,COL,PEKERMAN Jose (ARG),N,20,QUINTERO,,,
255931,300186505,IRN,Carlos QUEIR�S (POR),N,1,R. AHMADI,GK,,
255931,300186510,ESP,DEL BOSQUE Vicente (ESP),N,2,R. ALBIOL,,,
255931,300186475,POR,PAULO BENTO (POR),N,20,R. AMORIM,,,
255931,300186475,POR,PAULO BENTO (POR),N,13,R. COSTA,,IH46',
255931,300186505,IRN,Carlos QUEIR�S (POR),N,8,R. HAGHIGHI,,,
255931,300186492,MEX,HERRERA Miguel (MEX),N,9,R. JIMENEZ,,,
255931,300186492,MEX,HERRERA Miguel (MEX),S,4,R. MARQUEZ,C,,
255931,300186496,HON,SUAREZ Luis (COL),N,16,R. MARTINEZ,,,
255931,300186475,POR,PAULO BENTO (POR),S,16,R. MEIRELES,,,
255931,300186489,URU,TABAREZ Oscar (URU),N,12,R. MU�OZ,GK,,
255931,300186512,GHA,APPIAH James (GHA),S,17,RABIU,,Y30' O71',
255931,300186475,POR,PAULO BENTO (POR),N,15,RAFA,,,
255931,300186479,ALG,HALILHODZIC Vahid (BIH),S,23,RAIS,GK,,
255931,300186456,CRO,KOVAC Niko (CRO),S,7,RAKITI?,,,
255931,300186456,BRA,SCOLARI Luiz Felipe (BRA),N,16,RAMIRES,,I88',
255931,300186471,COL,PEKERMAN Jose (ARG),N,19,RAMOS,,,
255931,300186510,ESP,DEL BOSQUE Vicente (ESP),S,15,RAMOS,,,same name
255931,300186456,CRO,KOVAC Niko (CRO),N,16,REBI?,,I78',
255931,300186510,ESP,DEL BOSQUE Vicente (ESP),N,23,REINA,GK,,
255931,300186496,FRA,DESCHAMPS Didier (FRA),N,20,REMY,,,
255931,300186505,IRN,Carlos QUEIR�S (POR),S,16,REZA,,,
255931,300186512,USA,KLINSMANN Juergen (GER),N,22,RIMANDO,GK,,
255931,300186510,NED,Louis VAN GAAL (NED),S,11,ROBBEN,,G53' G80',
255931,300186494,SUI,HITZFELD Ottmar (GER),S,13,RODRIGUEZ,,,
255931,300186473,CHI,SAMPAOLI Jorge (ARG),N,13,ROJAS,,,
255931,300186494,ECU,RUEDA Reinaldo (COL),N,9,ROJAS,,I77',same name
255931,300186477,ARG,SABELLA Alejandro (ARG),S,16,ROJO,,Y25',
255931,300186477,ARG,SABELLA Alejandro (ARG),S,1,ROMERO,GK,,
255931,300186475,POR,PAULO BENTO (POR),S,7,RONALDO,C,,
255931,300186513,ENG,HODGSON Roy (ENG),S,10,ROONEY,,,
255931,300186496,FRA,DESCHAMPS Didier (FRA),N,16,RUFFIER,GK,,
255931,300186475,POR,PAULO BENTO (POR),S,12,RUI PATRICIO,GK,,
255931,300186489,CRC,PINTO Jorge Luis (COL),S,10,RUIZ B.,C,O83',
255931,300186473,AUS,POSTECOGLOU Ange (AUS),S,1,RYAN,GK,,
255931,300186499,RUS,CAPELLO Fabio (ITA),N,16,RYZHIKOV,GK,,
255931,300186499,KOR,HONG Myungbo (KOR),N,21,S G KIM,GK,,
255931,300186499,KOR,HONG Myungbo (KOR),N,6,S H HWANG,,I73',
255931,300186499,KOR,HONG Myungbo (KOR),S,1,S R JUNG,GK,,
255931,300186499,KOR,HONG Myungbo (KOR),N,18,S W KIM,,,
255931,300186499,KOR,HONG Myungbo (KOR),S,16,S Y KI,,Y30',
255931,300186499,KOR,HONG Myungbo (KOR),S,3,S Y YUN,,,
255931,300186512,GHA,APPIAH James (GHA),N,1,S. ADAMS,GK,,
255931,300186507,CIV,LAMOUCHI Sabri (FRA),S,17,S. AURIER,,,
255931,300186510,ESP,DEL BOSQUE Vicente (ESP),N,20,S. CAZORLA,,,
255931,300186489,URU,TABAREZ Oscar (URU),N,19,S. COATES,,,
255931,300186496,FRA,DESCHAMPS Didier (FRA),N,15,SAGNA,,,
255931,300186507,JPN,ZACCHERONI Alberto (ITA),N,20,SAITO,,,
255931,300186496,FRA,DESCHAMPS Didier (FRA),S,5,SAKHO,,,
255931,300186477,BIH,SUSIC Safet (BIH),N,23,SALIHOVI?,,,
255931,300186492,CMR,Volker FINKE (GER),N,20,SALLI,,,
255931,300186471,GRE,SANTOS Fernando (POR),S,14,SALPINGIDIS,,Y55' O57',
255931,300186471,GRE,SANTOS Fernando (POR),S,7,SAMARAS,,,
255931,300186471,GRE,SANTOS Fernando (POR),N,22,SAMARIS,,,
255931,300186499,RUS,CAPELLO Fabio (ITA),S,19,SAMEDOV,,,
255931,300186456,CRO,KOVAC Niko (CRO),N,19,SAMMIR,,,
255931,300186494,ECU,RUEDA Reinaldo (COL),N,19,SARITAMA,,,
255931,300186456,CRO,KOVAC Niko (CRO),N,13,SCHILDENFELD,,,
255931,300186496,FRA,DESCHAMPS Didier (FRA),N,22,SCHNEIDERLIN,,,
255931,300186475,GER,LOEW Joachim (GER),N,7,SCHWEINSTEIGER,,,
255931,300186494,SUI,HITZFELD Ottmar (GER),N,22,SCH�R,,,
255931,300186475,GER,LOEW Joachim (GER),N,9,SCH�RRLE,,I63',
255931,300186494,SUI,HITZFELD Ottmar (GER),N,9,SEFEROVIC,,I75' G90',
255931,300186499,RUS,CAPELLO Fabio (ITA),N,5,SEMENOV,,,
255931,300186494,SUI,HITZFELD Ottmar (GER),N,4,SENDEROS,,,
255931,300186507,CIV,LAMOUCHI Sabri (FRA),S,20,SEREY DIE,,O62',
255931,300186510,ESP,DEL BOSQUE Vicente (ESP),S,16,SERGIO,,,
255931,300186494,SUI,HITZFELD Ottmar (GER),S,23,SHAQIRI,,,
255931,300186499,RUS,CAPELLO Fabio (ITA),S,17,SHATOV,,Y49' O59',
255931,300186513,ENG,HODGSON Roy (ENG),N,23,SHAW,,,
255931,300186499,RUS,CAPELLO Fabio (ITA),N,3,SHCHENNIKOV,,,
255931,300186479,ALG,HALILHODZIC Vahid (BIH),N,1,SI MOHAMMED,GK,,
255931,300186473,CHI,SAMPAOLI Jorge (ARG),N,5,SILVA,,,
255931,300186510,ESP,DEL BOSQUE Vicente (ESP),S,21,SILVA,,O78',same name
255931,300186507,CIV,LAMOUCHI Sabri (FRA),N,21,SIO,,,
255931,300186513,ITA,Cesare PRANDELLI (ITA),S,12,SIRIGU,GK,,
255931,300186496,FRA,DESCHAMPS Didier (FRA),N,18,SISSOKO,,I57',
255931,300186479,ALG,HALILHODZIC Vahid (BIH),N,13,SLIMANI,,I66',
255931,300186513,ENG,HODGSON Roy (ENG),N,12,SMALLING,,,
255931,300186510,NED,Louis VAN GAAL (NED),S,10,SNEIJDER,,,
255931,300186471,GRE,SANTOS Fernando (POR),S,19,SOKRATIS,,Y52',
255931,300186494,SUI,HITZFELD Ottmar (GER),N,12,SOMMER,GK,,
255931,300186492,CMR,Volker FINKE (GER),S,6,SONG,,O79',
255931,300186479,ALG,HALILHODZIC Vahid (BIH),S,15,SOUDANI,,O66',
255931,300186477,BIH,SUSIC Safet (BIH),S,4,SPAHI?,C,Y63',
255931,300186473,AUS,POSTECOGLOU Ange (AUS),S,6,SPIRANOVIC,,,
255931,300186456,CRO,KOVAC Niko (CRO),S,11,SRNA,C,,
255931,300186513,ENG,HODGSON Roy (ENG),S,19,STERLING,,Y90',
255931,300186494,SUI,HITZFELD Ottmar (GER),S,14,STOCKER,,OH46',
255931,300186513,ENG,HODGSON Roy (ENG),S,9,STURRIDGE,,G37' O80',
255931,300186456,CRO,KOVAC Niko (CRO),N,23,SUBA�I?,GK,,
255931,300186512,GHA,APPIAH James (GHA),N,15,SUMAILA,,,
255931,300186477,BIH,SUSIC Safet (BIH),N,14,SU�I?,,,
255931,300186499,KOR,HONG Myungbo (KOR),N,4,T H KWAK,,,
255931,300186456,BRA,SCOLARI Luiz Felipe (BRA),S,3,T SILVA,C,,
255931,300186507,CIV,LAMOUCHI Sabri (FRA),N,4,T. KOLO,,,
255931,300186471,GRE,SANTOS Fernando (POR),N,23,TACHTSIDIS,,,
255931,300186473,AUS,POSTECOGLOU Ange (AUS),N,9,TAGGART,,,
255931,300186479,ALG,HALILHODZIC Vahid (BIH),S,19,TAIDER,,,
255931,300186489,CRC,PINTO Jorge Luis (COL),S,17,TEJEDA Y.,,O74',
255931,300186471,COL,PEKERMAN Jose (ARG),S,9,TEO,,G58' O76',
255931,300186513,ITA,Cesare PRANDELLI (ITA),N,5,THIAGO MOTTA,,I57',
255931,300186507,CIV,LAMOUCHI Sabri (FRA),S,9,TIOTE,,,
255931,300186471,GRE,SANTOS Fernando (POR),S,15,TOROSIDIS,,,
255931,300186510,ESP,DEL BOSQUE Vicente (ESP),N,9,TORRES,,I62',
255931,300186473,CHI,SAMPAOLI Jorge (ARG),N,12,TOSELLI,GK,,
255931,300186507,CIV,LAMOUCHI Sabri (FRA),S,19,TOURE YAYA,C,,
255931,300186473,AUS,POSTECOGLOU Ange (AUS),N,14,TROISI,,I78',
255931,300186471,GRE,SANTOS Fernando (POR),N,3,TZAVELLAS,,,
255931,300186471,GRE,SANTOS Fernando (POR),N,6,TZIOLIS,,,
255931,300186505,NGA,KESHI Stephen (NGA),N,20,UCHEBO,,,
255931,300186507,JPN,ZACCHERONI Alberto (ITA),S,2,UCHIDA,,,
255931,300186489,CRC,PINTO Jorge Luis (COL),S,4,UMA�A M.,,,
255931,300186489,CRC,PINTO Jorge Luis (COL),N,21,URE�A M.,,I83' G84',
255931,300186505,NGA,KESHI Stephen (NGA),N,3,UZOENYI,,,
255931,300186499,RUS,CAPELLO Fabio (ITA),S,14,V. BEREZUTSKIY,C,,
255931,300186510,NED,Louis VAN GAAL (NED),S,9,V. PERSIE,C,G44' Y66' G72' O79',
255931,300186496,FRA,DESCHAMPS Didier (FRA),S,8,VALBUENA,,O78',
255931,300186471,COL,PEKERMAN Jose (ARG),N,23,VALDES,,,
255931,300186473,CHI,SAMPAOLI Jorge (ARG),S,10,VALDIVIA,,G14' O68',
255931,300186496,HON,SUAREZ Luis (COL),S,18,VALLADARES,GKC,W48',
255931,300186479,BEL,WILMOTS Marc (BEL),S,15,VAN BUYTEN,,,
255931,300186479,BEL,WILMOTS Marc (BEL),N,21,VANDEN BORRE,,,
255931,300186496,FRA,DESCHAMPS Didier (FRA),S,4,VARANE,,,
255931,300186475,POR,PAULO BENTO (POR),N,18,VARELA,,,
255931,300186473,CHI,SAMPAOLI Jorge (ARG),S,11,VARGAS,,O88',
255931,300186471,COL,PEKERMAN Jose (ARG),N,12,VARGAS,GK,,same name
255931,300186510,NED,Louis VAN GAAL (NED),N,13,VELTMAN,,I77',
255931,300186510,NED,Louis VAN GAAL (NED),N,12,VERHAEGH,,,
255931,300186479,BEL,WILMOTS Marc (BEL),N,3,VERMAELEN,,,
255931,300186513,ITA,Cesare PRANDELLI (ITA),S,23,VERRATTI,,O57',
255931,300186479,BEL,WILMOTS Marc (BEL),S,5,VERTONGHEN,,Y24',
255931,300186456,BRA,SCOLARI Luiz Felipe (BRA),N,22,VICTOR,GK,,
255931,300186456,CRO,KOVAC Niko (CRO),N,21,VIDA,,,
255931,300186473,CHI,SAMPAOLI Jorge (ARG),S,8,VIDAL,,O60',
255931,300186473,AUS,POSTECOGLOU Ange (AUS),N,20,VIDOSIC,,,
255931,300186475,POR,PAULO BENTO (POR),N,10,VIEIRINHA,,,
255931,300186507,CIV,LAMOUCHI Sabri (FRA),N,2,VIERA,,,
255931,300186477,BIH,SUSIC Safet (BIH),N,19,VI�?A,,I71',
255931,300186510,NED,Louis VAN GAAL (NED),S,2,VLAAR,,,
255931,300186494,SUI,HITZFELD Ottmar (GER),S,5,VON BERGEN,,,
255931,300186510,NED,Louis VAN GAAL (NED),N,22,VORM,GK,,
255931,300186477,BIH,SUSIC Safet (BIH),N,6,VRANJE�,,,
255931,300186456,CRO,KOVAC Niko (CRO),S,2,VRSALJKO,,,
255931,300186477,BIH,SUSIC Safet (BIH),N,2,VR�AJEVI?,,,
255931,300186456,CRO,KOVAC Niko (CRO),N,8,VUKOJEVI?,,,
255931,300186471,GRE,SANTOS Fernando (POR),N,11,VYNTRA,,,
255931,300186494,ECU,RUEDA Reinaldo (COL),S,10,W. AYOVI,,,
255931,300186489,URU,TABAREZ Oscar (URU),S,5,W. GARGANO,,Y56' O60',
255931,300186496,HON,SUAREZ Luis (COL),S,8,W. PALACIOS,,Y28' Y43' RSY43',
255931,300186512,GHA,APPIAH James (GHA),N,22,WAKASO,,,
255931,300186512,GHA,APPIAH James (GHA),N,18,WARIS,,,
255931,300186492,CMR,Volker FINKE (GER),N,15,WEBO,,I79',
255931,300186475,GER,LOEW Joachim (GER),N,22,WEIDENFELLER,GK,,
255931,300186513,ENG,HODGSON Roy (ENG),S,11,WELBECK,,O61',
255931,300186510,NED,Louis VAN GAAL (NED),N,20,WIJNALDUM,,I62',
255931,300186473,AUS,POSTECOGLOU Ange (AUS),S,22,WILKINSON,,,
255931,300186475,POR,PAULO BENTO (POR),N,6,WILLIAM,,,
255931,300186456,BRA,SCOLARI Luiz Felipe (BRA),N,19,WILLIAN,,,
255931,300186513,ENG,HODGSON Roy (ENG),N,7,WILSHERE,,I73',
255931,300186479,BEL,WILMOTS Marc (BEL),S,6,WITSEL,,,
255931,300186512,USA,KLINSMANN Juergen (GER),N,18,WONDOLOWSKI,,,
255931,300186473,AUS,POSTECOGLOU Ange (AUS),N,8,WRIGHT,,,
255931,300186510,ESP,DEL BOSQUE Vicente (ESP),S,8,XAVI,,,
255931,300186494,SUI,HITZFELD Ottmar (GER),S,10,XHAKA,,,
255931,300186499,KOR,HONG Myungbo (KOR),S,5,Y G KIM,,,
255931,300186499,KOR,HONG Myungbo (KOR),S,12,Y LEE,,,
255931,300186507,CIV,LAMOUCHI Sabri (FRA),N,13,YA KONAN,,I78',
255931,300186507,JPN,ZACCHERONI Alberto (ITA),S,16,YAMAGUCHI,,,
255931,300186479,ALG,HALILHODZIC Vahid (BIH),N,7,YEBDA,,,
255931,300186512,USA,KLINSMANN Juergen (GER),N,2,YEDLIN,,,
255931,300186471,COL,PEKERMAN Jose (ARG),S,3,YEPES,C,,
255931,300186505,NGA,KESHI Stephen (NGA),N,2,YOBO,,I29',
255931,300186507,JPN,ZACCHERONI Alberto (ITA),S,22,YOSHIDA,,Y23',
255931,300186477,ARG,SABELLA Alejandro (ARG),S,4,ZABALETA,,,
255931,300186456,CRO,KOVAC Niko (CRO),N,12,ZELENIKA,GK,,
255931,300186479,ALG,HALILHODZIC Vahid (BIH),N,16,ZEMMAMOUCHE,GK,,
255931,300186499,RUS,CAPELLO Fabio (ITA),S,18,ZHIRKOV,,O71',
255931,300186494,SUI,HITZFELD Ottmar (GER),N,3,ZIEGLER,,,
255931,300186475,GER,LOEW Joachim (GER),N,12,ZIELER,GK,,
255931,300186507,CIV,LAMOUCHI Sabri (FRA),S,5,ZOKORA,,Y58',
255931,300186512,USA,KLINSMANN Juergen (GER),N,19,ZUSI,,I77',
255931,300186475,POR,PAULO BENTO (POR),N,11,�DER,,I28',
255931,300186477,BIH,SUSIC Safet (BIH),N,15,�UNJI?,,,
255931,300186475,GER,LOEW Joachim (GER),S,8,�ZIL,,O63',